ticker,strategy,signal_date,entry_date,exit_date,signal,entry_price,exit_price,pnl_pct
GOOGL,momentum,2025-01-06,2025-01-07,2025-01-15,BUY,196.341,192.3367,-0.020395
GOOGL,momentum,2025-01-07,2025-01-08,2025-01-16,BUY,191.8188,193.3826,0.008153
GOOGL,momentum,2025-01-08,2025-01-10,2025-01-17,BUY,193.542,195.7633,0.011477
GOOGL,momentum,2025-01-14,2025-01-15,2025-01-23,SELL,192.3367,197.367,-0.026154
GOOGL,momentum,2025-01-17,2025-01-21,2025-01-28,BUY,198.2934,191.9981,-0.031748
GOOGL,momentum,2025-01-21,2025-01-22,2025-01-29,BUY,198.2834,194.7971,-0.017583
GOOGL,momentum,2025-01-22,2025-01-23,2025-01-30,BUY,197.367,197.2276,-0.000707
GOOGL,momentum,2025-01-24,2025-01-27,2025-02-03,BUY,191.6594,199.9071,0.043033
GOOGL,momentum,2025-01-27,2025-01-28,2025-02-04,SELL,191.9981,202.5965,-0.055201
GOOGL,momentum,2025-02-03,2025-02-04,2025-02-11,BUY,202.5965,184.3082,-0.09027
GOOGL,momentum,2025-02-04,2025-02-05,2025-02-12,BUY,190.3246,182.5052,-0.041084
GOOGL,momentum,2025-02-05,2025-02-06,2025-02-13,SELL,188.7607,183.601,0.027335
GOOGL,momentum,2025-02-06,2025-02-07,2025-02-14,SELL,190.3047,184.3381,0.031353
GOOGL,momentum,2025-02-07,2025-02-10,2025-02-18,SELL,186.6191,184.8759,0.009341
GOOGL,momentum,2025-02-10,2025-02-11,2025-02-19,SELL,184.3082,183.3519,0.005188
GOOGL,momentum,2025-02-11,2025-02-12,2025-02-20,SELL,182.5052,184.0791,-0.008623
GOOGL,momentum,2025-02-12,2025-02-13,2025-02-21,SELL,183.601,184.4277,-0.004503
GOOGL,momentum,2025-02-13,2025-02-14,2025-02-24,SELL,184.3381,181.28,0.016589
GOOGL,momentum,2025-02-21,2025-02-24,2025-03-03,SELL,181.28,171.2593,0.055278
GOOGL,momentum,2025-02-24,2025-02-25,2025-03-04,SELL,177.3454,165.5915,0.066277
GOOGL,momentum,2025-02-25,2025-02-26,2025-03-05,SELL,174.387,169.8548,0.02599
GOOGL,momentum,2025-02-26,2025-02-27,2025-03-06,SELL,173.3112,169.8647,0.019886
GOOGL,momentum,2025-02-27,2025-02-28,2025-03-07,SELL,168.0219,170.5919,-0.015295
GOOGL,momentum,2025-02-28,2025-03-03,2025-03-10,SELL,171.2593,167.7966,0.020219
GOOGL,momentum,2025-03-03,2025-03-04,2025-03-11,SELL,165.5915,164.4558,0.006858
GOOGL,momentum,2025-03-04,2025-03-05,2025-03-12,SELL,169.8548,166.1212,0.021981
GOOGL,momentum,2025-03-11,2025-03-12,2025-03-19,SELL,166.1212,161.3145,0.028935
GOOGL,momentum,2025-03-12,2025-03-13,2025-03-20,SELL,165.5827,161.125,0.026921
GOOGL,momentum,2025-03-13,2025-03-14,2025-03-21,SELL,162.8204,160.766,0.012617
GOOGL,momentum,2025-03-14,2025-03-17,2025-03-24,SELL,164.5755,166.6099,-0.012362
GOOGL,momentum,2025-03-18,2025-03-19,2025-03-26,SELL,161.3145,168.5346,-0.044758
GOOGL,momentum,2025-03-24,2025-03-25,2025-04-01,BUY,168.5146,153.1969,-0.090898
GOOGL,momentum,2025-03-25,2025-03-26,2025-04-02,BUY,168.5346,154.7227,-0.081953
GOOGL,momentum,2025-03-28,2025-03-31,2025-04-07,SELL,152.6883,141.1602,0.075501
GOOGL,momentum,2025-03-31,2025-04-01,2025-04-08,SELL,153.1969,150.8035,0.015623
GOOGL,momentum,2025-04-01,2025-04-02,2025-04-09,SELL,154.7227,144.0223,0.069159
GOOGL,momentum,2025-04-02,2025-04-03,2025-04-10,SELL,150.6939,156.1089,-0.035934
GOOGL,momentum,2025-04-03,2025-04-04,2025-04-11,SELL,147.6024,152.4789,-0.033038
GOOGL,momentum,2025-04-04,2025-04-07,2025-04-14,SELL,141.1602,159.5594,-0.130343
GOOGL,momentum,2025-04-07,2025-04-08,2025-04-15,SELL,150.8035,158.6918,-0.052308
GOOGL,momentum,2025-04-08,2025-04-09,2025-04-16,SELL,144.0223,152.6784,-0.060103
GOOGL,momentum,2025-04-14,2025-04-15,2025-04-23,BUY,158.6918,155.1815,-0.02212
GOOGL,momentum,2025-04-16,2025-04-17,2025-04-25,SELL,153.8651,164.6154,-0.069869
GOOGL,momentum,2025-04-21,2025-04-22,2025-04-29,SELL,148.48,159.8785,-0.076768
GOOGL,momentum,2025-04-22,2025-04-23,2025-04-30,SELL,155.1815,157.5449,-0.01523
GOOGL,momentum,2025-04-24,2025-04-25,2025-05-02,BUY,164.6154,162.96,-0.010056
GOOGL,momentum,2025-04-25,2025-04-28,2025-05-05,BUY,161.9827,162.5511,0.003509
GOOGL,momentum,2025-04-28,2025-04-29,2025-05-06,BUY,159.8785,161.7234,0.011539
GOOGL,momentum,2025-04-29,2025-04-30,2025-05-07,BUY,157.5449,163.6281,0.038613
GOOGL,momentum,2025-04-30,2025-05-01,2025-05-08,BUY,160.0081,154.5732,-0.033967
GOOGL,momentum,2025-05-05,2025-05-06,2025-05-13,BUY,161.7234,158.3527,-0.020842
GOOGL,momentum,2025-05-07,2025-05-08,2025-05-15,SELL,154.5732,165.3833,-0.069935
GOOGL,momentum,2025-05-08,2025-05-09,2025-05-16,SELL,153.7454,167.2681,-0.087955
GOOGL,momentum,2025-05-09,2025-05-12,2025-05-19,SELL,157.0563,164.0569,-0.044574
GOOGL,momentum,2025-05-14,2025-05-15,2025-05-22,BUY,165.3833,171.3767,0.03624
GOOGL,momentum,2025-05-15,2025-05-16,2025-05-23,BUY,167.2681,168.5944,0.007929
GOOGL,momentum,2025-05-16,2025-05-19,2025-05-27,BUY,164.0569,169.6914,0.034345
GOOGL,momentum,2025-05-19,2025-05-20,2025-05-28,BUY,165.9717,172.6831,0.040437
GOOGL,momentum,2025-05-20,2025-05-21,2025-05-29,BUY,163.2392,173.5208,0.062985
GOOGL,momentum,2025-05-22,2025-05-23,2025-06-02,BUY,168.5944,167.3778,-0.007216
GOOGL,momentum,2025-05-27,2025-05-28,2025-06-04,BUY,172.6831,166.2808,-0.037076
GOOGL,momentum,2025-05-28,2025-05-29,2025-06-05,BUY,173.5208,169.8709,-0.021034
GOOGL,momentum,2025-06-09,2025-06-10,2025-06-17,BUY,175.9275,175.4282,-0.002838
GOOGL,momentum,2025-06-10,2025-06-11,2025-06-18,BUY,179.492,175.7378,-0.020916
GOOGL,momentum,2025-06-11,2025-06-12,2025-06-20,BUY,175.9075,173.681,-0.012658
GOOGL,momentum,2025-06-12,2025-06-13,2025-06-23,BUY,172.1733,166.0128,-0.035781
GOOGL,momentum,2025-06-20,2025-06-23,2025-06-30,SELL,166.0128,180.5004,-0.087268
GOOGL,momentum,2025-06-23,2025-06-24,2025-07-01,SELL,166.6618,175.4682,-0.05284
GOOGL,momentum,2025-06-24,2025-06-25,2025-07-02,SELL,167.3707,175.2685,-0.047187
GOOGL,momentum,2025-06-25,2025-06-26,2025-07-03,SELL,172.1633,178.2239,-0.035203
GOOGL,momentum,2025-06-27,2025-06-30,2025-07-08,BUY,180.5004,177.5749,-0.016208
GOOGL,momentum,2025-06-30,2025-07-01,2025-07-09,BUY,175.4682,174.9789,-0.002788
GOOGL,momentum,2025-07-01,2025-07-02,2025-07-10,BUY,175.2685,175.3584,0.000513
GOOGL,momentum,2025-07-02,2025-07-03,2025-07-11,BUY,178.2239,176.5166,-0.00958
GOOGL,momentum,2025-07-03,2025-07-07,2025-07-14,BUY,178.783,180.73,0.01089
GOOGL,momentum,2025-07-14,2025-07-15,2025-07-22,BUY,182.5273,191.2038,0.047536
GOOGL,momentum,2025-07-15,2025-07-16,2025-07-23,BUY,182.9566,191.2038,0.045077
GOOGL,momentum,2025-07-16,2025-07-17,2025-07-24,BUY,181.8583,196.7253,0.08175
GOOGL,momentum,2025-07-17,2025-07-18,2025-07-25,BUY,185.1132,191.6831,0.035491
GOOGL,momentum,2025-07-18,2025-07-21,2025-07-28,BUY,185.9619,193.3505,0.039732
GOOGL,momentum,2025-07-21,2025-07-22,2025-07-29,BUY,191.2038,192.1324,0.004856
GOOGL,momentum,2025-07-22,2025-07-23,2025-07-30,BUY,191.2038,195.2975,0.02141
GOOGL,momentum,2025-07-23,2025-07-24,2025-07-31,BUY,196.7253,195.4073,-0.006699
GOOGL,momentum,2025-07-24,2025-07-25,2025-08-01,BUY,191.6831,188.7376,-0.015366
GOOGL,momentum,2025-07-25,2025-07-28,2025-08-04,BUY,193.3505,189.9957,-0.017351
GOOGL,momentum,2025-07-29,2025-07-30,2025-08-06,BUY,195.2975,194.1992,-0.005624
GOOGL,momentum,2025-07-30,2025-07-31,2025-08-07,BUY,195.4073,196.7552,0.006898
GOOGL,momentum,2025-08-07,2025-08-08,2025-08-15,BUY,196.915,203.5347,0.033617
GOOGL,momentum,2025-08-08,2025-08-11,2025-08-18,BUY,200.6292,203.8842,0.016224
GOOGL,momentum,2025-08-11,2025-08-12,2025-08-19,BUY,201.0585,202.716,0.008244
GOOGL,momentum,2025-08-12,2025-08-13,2025-08-20,BUY,203.8143,200.4195,-0.016656
GOOGL,momentum,2025-08-13,2025-08-14,2025-08-21,BUY,201.1883,199.441,-0.008685
GOOGL,momentum,2025-08-14,2025-08-15,2025-08-22,BUY,203.5347,202.4164,-0.005494
GOOGL,momentum,2025-08-25,2025-08-26,2025-09-03,BUY,207.189,225.8601,0.090116
GOOGL,momentum,2025-08-26,2025-08-27,2025-09-04,BUY,205.3818,229.2948,0.116432
GOOGL,momentum,2025-08-27,2025-08-28,2025-09-05,BUY,206.9294,231.8409,0.120386
GOOGL,momentum,2025-08-28,2025-08-29,2025-09-08,BUY,210.1844,235.3161,0.11957
GOOGL,momentum,2025-08-29,2025-09-02,2025-09-09,BUY,208.1176,234.0169,0.124446
GOOGL,momentum,2025-09-03,2025-09-04,2025-09-11,BUY,229.2948,239.7232,0.04548
GOOGL,momentum,2025-09-04,2025-09-05,2025-09-12,BUY,231.8409,240.2129,0.036111
GOOGL,momentum,2025-09-05,2025-09-08,2025-09-15,BUY,235.3161,244.5001,0.039028
GOOGL,momentum,2025-09-08,2025-09-09,2025-09-16,BUY,234.0169,251.9152,0.076483
GOOGL,momentum,2025-09-09,2025-09-10,2025-09-17,BUY,238.7438,251.0558,0.05157
GOOGL,momentum,2025-09-10,2025-09-11,2025-09-18,BUY,239.7232,251.5155,0.049191
GOOGL,momentum,2025-09-11,2025-09-12,2025-09-19,BUY,240.2129,253.0845,0.053584
GOOGL,momentum,2025-09-12,2025-09-15,2025-09-22,BUY,244.5001,254.2637,0.039933
GOOGL,momentum,2025-09-15,2025-09-16,2025-09-23,BUY,251.9152,252.8746,0.003808
GOOGL,momentum,2025-09-16,2025-09-17,2025-09-24,BUY,251.0558,251.4955,0.001752
GOOGL,momentum,2025-09-17,2025-09-18,2025-09-25,BUY,251.5155,244.2402,-0.028926
GOOGL,momentum,2025-09-18,2025-09-19,2025-09-26,BUY,253.0845,246.9085,-0.024403
GOOGL,momentum,2025-09-19,2025-09-22,2025-09-29,BUY,254.2637,247.688,-0.025862
GOOGL,momentum,2025-09-30,2025-10-01,2025-10-08,SELL,240.5926,244.7999,-0.017487
GOOGL,momentum,2025-10-06,2025-10-07,2025-10-14,BUY,248.1077,241.0723,-0.028356
GOOGL,momentum,2025-10-10,2025-10-13,2025-10-20,SELL,240.053,254.5235,-0.060281
GOOGL,momentum,2025-10-13,2025-10-14,2025-10-21,SELL,241.0723,254.5735,-0.056005
GOOGL,momentum,2025-10-15,2025-10-16,2025-10-23,BUY,251.6054,252.8146,0.004806
GOOGL,momentum,2025-10-16,2025-10-17,2025-10-24,BUY,250.5961,256.4123,0.023209
GOOGL,momentum,2025-10-17,2025-10-20,2025-10-27,BUY,254.5235,264.6469,0.039774
GOOGL,momentum,2025-10-20,2025-10-21,2025-10-28,BUY,254.5735,269.5137,0.058687
GOOGL,momentum,2025-10-21,2025-10-22,2025-10-29,BUY,254.2037,267.575,0.052601
GOOGL,momentum,2025-10-24,2025-10-27,2025-11-03,BUY,264.6469,281.9955,0.065554
GOOGL,momentum,2025-10-27,2025-10-28,2025-11-04,BUY,269.5137,276.5691,0.026178
GOOGL,momentum,2025-10-28,2025-10-29,2025-11-05,BUY,267.575,278.6877,0.041531
GOOGL,momentum,2025-10-29,2025-10-30,2025-11-06,BUY,291.3994,285.1435,-0.021469
GOOGL,momentum,2025-10-30,2025-10-31,2025-11-07,BUY,283.0249,283.0248,-0.0
GOOGL,momentum,2025-10-31,2025-11-03,2025-11-10,BUY,281.9955,284.2341,0.007938
GOOGL,momentum,2025-11-03,2025-11-04,2025-11-11,BUY,276.5691,287.5619,0.039747
GOOGL,momentum,2025-11-04,2025-11-05,2025-11-12,BUY,278.6877,291.4893,0.045935
GOOGL,momentum,2025-11-05,2025-11-06,2025-11-13,BUY,285.1435,282.1554,-0.010479
GOOGL,momentum,2025-11-10,2025-11-11,2025-11-18,BUY,287.5619,287.7318,0.000591
GOOGL,momentum,2025-11-11,2025-11-12,2025-11-19,BUY,291.4893,286.9723,-0.015496
GOOGL,momentum,2025-11-19,2025-11-20,2025-11-28,BUY,304.3409,323.1586,0.061831
GOOGL,momentum,2025-11-20,2025-11-21,2025-12-01,BUY,296.2262,317.4923,0.07179
GOOGL,momentum,2025-11-21,2025-11-24,2025-12-02,BUY,310.9266,316.5329,0.018031
GOOGL,momentum,2025-11-24,2025-11-25,2025-12-03,BUY,325.9968,315.6835,-0.031636
GOOGL,momentum,2025-11-25,2025-11-26,2025-12-04,BUY,320.4704,322.0194,0.004834
GOOGL,momentum,2025-11-26,2025-11-28,2025-12-05,BUY,323.1586,319.2811,-0.011999
GOOGL,momentum,2025-11-28,2025-12-01,2025-12-08,BUY,317.4923,320.05,0.008056
GOOGL,momentum,2025-12-01,2025-12-02,2025-12-09,BUY,316.5329,312.37,-0.013152
GOOGL,momentum,2025-12-16,2025-12-17,2025-12-24,SELL,308.01,314.77,-0.021947
GOOGL,momentum,2025-12-17,2025-12-18,2025-12-26,SELL,301.72,314.48,-0.042291
GOOGL,momentum,2025-12-18,2025-12-19,2025-12-29,SELL,301.73,311.37,-0.031949
TSLA,momentum,2025-01-27,2025-01-28,2025-02-04,SELL,396.91,382.63,0.035978
TSLA,momentum,2025-01-28,2025-01-29,2025-02-05,SELL,395.21,387.51,0.019483
TSLA,momentum,2025-01-29,2025-01-30,2025-02-06,SELL,410.78,373.03,0.091898
TSLA,momentum,2025-01-30,2025-01-31,2025-02-07,SELL,401.53,370.19,0.078051
TSLA,momentum,2025-02-03,2025-02-04,2025-02-11,SELL,382.63,345.8,0.096255
TSLA,momentum,2025-02-05,2025-02-06,2025-02-13,SELL,373.03,345.0,0.075141
TSLA,momentum,2025-02-06,2025-02-07,2025-02-14,SELL,370.19,360.62,0.025852
TSLA,momentum,2025-02-07,2025-02-10,2025-02-18,SELL,356.21,355.01,0.003369
TSLA,momentum,2025-02-10,2025-02-11,2025-02-19,SELL,345.8,354.0,-0.023713
TSLA,momentum,2025-02-11,2025-02-12,2025-02-20,SELL,329.94,361.51,-0.095684
TSLA,momentum,2025-02-12,2025-02-13,2025-02-21,SELL,345.0,353.44,-0.024464
TSLA,momentum,2025-02-13,2025-02-14,2025-02-24,SELL,360.62,338.14,0.062337
TSLA,momentum,2025-02-21,2025-02-24,2025-03-03,SELL,338.14,300.34,0.111788
TSLA,momentum,2025-02-24,2025-02-25,2025-03-04,SELL,327.02,270.93,0.171519
TSLA,momentum,2025-02-25,2025-02-26,2025-03-05,SELL,303.71,272.92,0.10138
TSLA,momentum,2025-02-26,2025-02-27,2025-03-06,SELL,291.16,272.06,0.0656
TSLA,momentum,2025-02-27,2025-02-28,2025-03-07,SELL,279.5,259.32,0.0722
TSLA,momentum,2025-02-28,2025-03-03,2025-03-10,SELL,300.34,252.54,0.159153
TSLA,momentum,2025-03-03,2025-03-04,2025-03-11,SELL,270.93,225.31,0.168383
TSLA,momentum,2025-03-04,2025-03-05,2025-03-12,SELL,272.92,247.22,0.094167
TSLA,momentum,2025-03-05,2025-03-06,2025-03-13,SELL,272.06,248.13,0.087959
TSLA,momentum,2025-03-06,2025-03-07,2025-03-14,SELL,259.32,247.31,0.046313
TSLA,momentum,2025-03-07,2025-03-10,2025-03-17,SELL,252.54,245.06,0.029619
TSLA,momentum,2025-05-09,2025-05-12,2025-05-19,BUY,321.99,336.3,0.044442
TSLA,momentum,2025-05-15,2025-05-16,2025-05-23,BUY,346.24,337.92,-0.02403
TSLA,momentum,2025-05-16,2025-05-19,2025-05-27,BUY,336.3,347.35,0.032858
TSLA,momentum,2025-05-19,2025-05-20,2025-05-28,BUY,347.87,364.84,0.048783
TSLA,momentum,2025-05-20,2025-05-21,2025-05-29,BUY,344.43,365.29,0.060564
TSLA,momentum,2025-05-27,2025-05-28,2025-06-04,BUY,364.84,345.1,-0.054106
TSLA,momentum,2025-05-28,2025-05-29,2025-06-05,BUY,365.29,322.49,-0.117167
TSLA,momentum,2025-05-29,2025-05-30,2025-06-06,BUY,355.52,298.83,-0.159457
TSLA,momentum,2025-06-04,2025-06-05,2025-06-12,SELL,322.49,323.08,-0.00183
TSLA,momentum,2025-07-16,2025-07-17,2025-07-24,BUY,323.15,310.0,-0.040693
TSLA,momentum,2025-07-17,2025-07-18,2025-07-25,BUY,321.66,308.74,-0.040167
TSLA,momentum,2025-07-18,2025-07-21,2025-07-28,BUY,334.4,318.45,-0.047697
TSLA,momentum,2025-07-21,2025-07-22,2025-07-29,BUY,329.74,325.55,-0.012707
TSLA,momentum,2025-07-22,2025-07-23,2025-07-30,BUY,330.9,322.18,-0.026352
TSLA,momentum,2025-07-23,2025-07-24,2025-07-31,BUY,310.0,319.61,0.031
TSLA,momentum,2025-07-24,2025-07-25,2025-08-01,SELL,308.74,306.21,0.008195
TSLA,momentum,2025-08-01,2025-08-04,2025-08-11,SELL,309.08,335.0,-0.083862
TSLA,momentum,2025-08-04,2025-08-05,2025-08-12,SELL,308.95,345.0,-0.116686
TSLA,momentum,2025-08-05,2025-08-06,2025-08-13,SELL,307.89,341.5,-0.109162
TSLA,momentum,2025-08-07,2025-08-08,2025-08-15,BUY,321.43,337.66,0.050493
TSLA,momentum,2025-08-08,2025-08-11,2025-08-18,BUY,335.0,329.62,-0.01606
TSLA,momentum,2025-08-11,2025-08-12,2025-08-19,BUY,345.0,335.79,-0.026696
TSLA,momentum,2025-08-12,2025-08-13,2025-08-20,BUY,341.5,329.22,-0.035959
TSLA,momentum,2025-08-13,2025-08-14,2025-08-21,BUY,335.76,322.08,-0.040743
TSLA,momentum,2025-08-14,2025-08-15,2025-08-22,BUY,337.66,321.66,-0.047385
TSLA,momentum,2025-08-21,2025-08-22,2025-08-29,SELL,321.66,347.23,-0.079494
TSLA,momentum,2025-08-22,2025-08-25,2025-09-02,BUY,338.9,328.23,-0.031484
TSLA,momentum,2025-08-25,2025-08-26,2025-09-03,BUY,344.93,335.2,-0.028209
TSLA,momentum,2025-08-26,2025-08-27,2025-09-04,BUY,351.94,336.15,-0.044866
TSLA,momentum,2025-08-27,2025-08-28,2025-09-05,BUY,350.91,348.0,-0.008293
TSLA,momentum,2025-08-28,2025-08-29,2025-09-08,BUY,347.23,354.64,0.02134
TSLA,momentum,2025-09-02,2025-09-03,2025-09-10,SELL,335.2,350.55,-0.045793
TSLA,momentum,2025-09-03,2025-09-04,2025-09-11,SELL,336.15,350.17,-0.041708
TSLA,momentum,2025-09-08,2025-09-09,2025-09-16,BUY,348.44,414.5,0.189588
TSLA,momentum,2025-09-09,2025-09-10,2025-09-17,BUY,350.55,415.75,0.185993
TSLA,momentum,2025-09-10,2025-09-11,2025-09-18,BUY,350.17,428.87,0.224748
TSLA,momentum,2025-09-11,2025-09-12,2025-09-19,BUY,370.94,421.82,0.137165
TSLA,momentum,2025-09-12,2025-09-15,2025-09-22,BUY,423.13,431.11,0.018859
TSLA,momentum,2025-09-15,2025-09-16,2025-09-23,BUY,414.5,439.88,0.06123
TSLA,momentum,2025-09-16,2025-09-17,2025-09-24,BUY,415.75,429.83,0.033866
TSLA,momentum,2025-09-17,2025-09-18,2025-09-25,BUY,428.87,435.24,0.014853
TSLA,momentum,2025-09-18,2025-09-19,2025-09-26,BUY,421.82,428.3,0.015362
TSLA,momentum,2025-09-19,2025-09-22,2025-09-29,BUY,431.11,444.35,0.030711
TSLA,momentum,2025-09-22,2025-09-23,2025-09-30,BUY,439.88,441.52,0.003728
TSLA,momentum,2025-09-24,2025-09-25,2025-10-02,BUY,435.24,470.54,0.081105
TSLA,momentum,2025-09-26,2025-09-29,2025-10-06,BUY,444.35,440.75,-0.008102
TSLA,momentum,2025-09-29,2025-09-30,2025-10-07,BUY,441.52,447.82,0.014269
TSLA,momentum,2025-09-30,2025-10-01,2025-10-08,BUY,443.8,437.57,-0.014038
TSLA,momentum,2025-10-01,2025-10-02,2025-10-09,BUY,470.54,431.81,-0.08231
TSLA,momentum,2025-10-02,2025-10-03,2025-10-10,BUY,443.29,436.54,-0.015227
TSLA,momentum,2025-10-06,2025-10-07,2025-10-14,BUY,447.82,426.79,-0.046961
TSLA,momentum,2025-10-10,2025-10-13,2025-10-20,SELL,423.53,443.87,-0.048025
TSLA,momentum,2025-10-17,2025-10-20,2025-10-27,BUY,443.87,439.98,-0.008764
TSLA,momentum,2025-10-20,2025-10-21,2025-10-28,BUY,445.76,454.78,0.020235
TSLA,momentum,2025-10-21,2025-10-22,2025-10-29,BUY,443.45,462.5,0.042959
TSLA,momentum,2025-10-23,2025-10-24,2025-10-31,BUY,446.83,446.75,-0.000179
TSLA,momentum,2025-10-28,2025-10-29,2025-11-05,BUY,462.5,452.05,-0.022595
TSLA,momentum,2025-10-29,2025-10-30,2025-11-06,BUY,451.05,461.96,0.024188
TSLA,momentum,2025-10-31,2025-11-03,2025-11-10,BUY,455.99,439.6,-0.035944
TSLA,momentum,2025-11-03,2025-11-04,2025-11-11,BUY,454.46,439.4,-0.033138
TSLA,momentum,2025-11-07,2025-11-10,2025-11-17,SELL,439.6,398.74,0.092948
TSLA,momentum,2025-11-10,2025-11-11,2025-11-18,SELL,439.4,405.38,0.077424
TSLA,momentum,2025-11-12,2025-11-13,2025-11-20,SELL,423.13,414.63,0.020088
TSLA,momentum,2025-11-13,2025-11-14,2025-11-21,SELL,386.3,402.32,-0.04147
TSLA,momentum,2025-11-14,2025-11-17,2025-11-24,SELL,398.74,402.17,-0.008602
TSLA,momentum,2025-11-17,2025-11-18,2025-11-25,SELL,405.38,414.42,-0.0223
TSLA,momentum,2025-11-18,2025-11-19,2025-11-26,SELL,406.18,423.95,-0.043749
TSLA,momentum,2025-11-19,2025-11-20,2025-11-28,SELL,414.63,426.59,-0.028845
TSLA,momentum,2025-11-21,2025-11-24,2025-12-02,SELL,402.17,430.81,-0.071214
TSLA,momentum,2025-11-28,2025-12-01,2025-12-08,BUY,425.32,447.45,0.052031
TSLA,momentum,2025-12-01,2025-12-02,2025-12-09,BUY,430.81,437.54,0.015622
TSLA,momentum,2025-12-02,2025-12-03,2025-12-10,BUY,432.1,446.07,0.03233
TSLA,momentum,2025-12-03,2025-12-04,2025-12-11,BUY,449.94,448.95,-0.0022
TSLA,momentum,2025-12-04,2025-12-05,2025-12-12,BUY,453.03,448.09,-0.010904
TSLA,momentum,2025-12-05,2025-12-08,2025-12-15,BUY,447.45,469.44,0.049145
TSLA,momentum,2025-12-08,2025-12-09,2025-12-16,BUY,437.54,472.21,0.079238
TSLA,momentum,2025-12-09,2025-12-10,2025-12-17,BUY,446.07,488.22,0.094492
TSLA,momentum,2025-12-15,2025-12-16,2025-12-23,BUY,472.21,489.4,0.036403
TSLA,momentum,2025-12-16,2025-12-17,2025-12-24,BUY,488.22,488.48,0.000533
TSLA,momentum,2025-12-17,2025-12-18,2025-12-26,BUY,478.16,485.23,0.014786
TSLA,momentum,2025-12-18,2025-12-19,2025-12-29,BUY,488.12,469.0,-0.039171
TSLA,momentum,2025-12-19,2025-12-22,2025-12-30,BUY,489.88,461.09,-0.05877
GLD,momentum,2025-01-21,2025-01-22,2025-01-29,BUY,254.29,254.55,0.001022
GLD,momentum,2025-01-22,2025-01-23,2025-01-30,BUY,253.19,257.2,0.015838
GLD,momentum,2025-01-23,2025-01-24,2025-01-31,BUY,255.96,259.08,0.012189
GLD,momentum,2025-01-24,2025-01-27,2025-02-03,BUY,253.86,259.75,0.023202
GLD,momentum,2025-02-03,2025-02-04,2025-02-11,BUY,261.83,267.7,0.022419
GLD,momentum,2025-02-04,2025-02-05,2025-02-12,BUY,264.45,267.15,0.01021
GLD,momentum,2025-02-05,2025-02-06,2025-02-13,BUY,263.66,268.4,0.017978
GLD,momentum,2025-02-06,2025-02-07,2025-02-14,BUY,265.22,270.07,0.018287
GLD,momentum,2025-02-07,2025-02-10,2025-02-18,BUY,268.0,269.68,0.006269
GLD,momentum,2025-02-10,2025-02-11,2025-02-19,BUY,267.7,270.68,0.011132
GLD,momentum,2025-02-13,2025-02-14,2025-02-24,BUY,270.07,271.45,0.00511
GLD,momentum,2025-02-24,2025-02-25,2025-03-04,BUY,271.46,269.01,-0.009025
GLD,momentum,2025-02-27,2025-02-28,2025-03-07,SELL,262.56,269.09,-0.024871
GLD,momentum,2025-02-28,2025-03-03,2025-03-10,SELL,265.07,267.62,-0.00962
GLD,momentum,2025-03-03,2025-03-04,2025-03-11,SELL,269.01,268.47,0.002007
GLD,momentum,2025-03-13,2025-03-14,2025-03-21,BUY,276.27,279.46,0.011547
GLD,momentum,2025-03-14,2025-03-17,2025-03-24,BUY,275.54,278.91,0.012231
GLD,momentum,2025-03-17,2025-03-18,2025-03-25,BUY,279.9,278.78,-0.004001
GLD,momentum,2025-03-18,2025-03-19,2025-03-26,BUY,279.85,278.93,-0.003288
GLD,momentum,2025-03-19,2025-03-20,2025-03-27,BUY,279.49,280.55,0.003793
GLD,momentum,2025-03-20,2025-03-21,2025-03-28,BUY,279.46,283.82,0.015602
GLD,momentum,2025-03-28,2025-03-31,2025-04-07,BUY,287.53,278.86,-0.030153
GLD,momentum,2025-03-31,2025-04-01,2025-04-08,BUY,288.54,277.87,-0.036979
GLD,momentum,2025-04-01,2025-04-02,2025-04-09,BUY,288.28,282.22,-0.021021
GLD,momentum,2025-04-02,2025-04-03,2025-04-10,BUY,282.78,288.81,0.021324
GLD,momentum,2025-04-07,2025-04-08,2025-04-15,SELL,277.87,296.93,-0.068593
GLD,momentum,2025-04-08,2025-04-09,2025-04-16,SELL,282.22,304.65,-0.079477
GLD,momentum,2025-04-10,2025-04-11,2025-04-21,BUY,297.96,315.02,0.057256
GLD,momentum,2025-04-11,2025-04-14,2025-04-22,BUY,295.54,317.49,0.074271
GLD,momentum,2025-04-14,2025-04-15,2025-04-23,BUY,296.93,304.18,0.024417
GLD,momentum,2025-04-15,2025-04-16,2025-04-24,BUY,304.65,306.98,0.007648
GLD,momentum,2025-04-16,2025-04-17,2025-04-25,BUY,306.31,301.78,-0.014789
GLD,momentum,2025-04-17,2025-04-21,2025-04-28,BUY,315.02,304.15,-0.034506
GLD,momentum,2025-04-21,2025-04-22,2025-04-29,BUY,317.49,305.81,-0.036789
GLD,momentum,2025-04-22,2025-04-23,2025-04-30,BUY,304.18,304.61,0.001414
GLD,momentum,2025-05-01,2025-05-02,2025-05-09,SELL,300.17,307.79,-0.025386
GLD,momentum,2025-05-02,2025-05-05,2025-05-12,SELL,305.92,298.33,0.02481
GLD,momentum,2025-05-06,2025-05-07,2025-05-14,BUY,312.1,293.67,-0.059052
GLD,momentum,2025-05-07,2025-05-08,2025-05-15,BUY,309.76,294.1,-0.050555
GLD,momentum,2025-05-09,2025-05-12,2025-05-19,BUY,298.33,297.85,-0.001609
GLD,momentum,2025-05-12,2025-05-13,2025-05-20,SELL,299.02,298.35,0.002241
GLD,momentum,2025-05-13,2025-05-14,2025-05-21,SELL,293.67,304.55,-0.037048
GLD,momentum,2025-05-14,2025-05-15,2025-05-22,SELL,294.1,305.09,-0.037368
GLD,momentum,2025-05-15,2025-05-16,2025-05-23,SELL,292.62,308.86,-0.055499
GLD,momentum,2025-05-16,2025-05-19,2025-05-27,SELL,297.85,303.81,-0.02001
GLD,momentum,2025-05-21,2025-05-22,2025-05-30,BUY,305.09,303.64,-0.004753
GLD,momentum,2025-05-23,2025-05-27,2025-06-03,BUY,303.81,309.56,0.018926
GLD,momentum,2025-05-27,2025-05-28,2025-06-04,BUY,304.64,309.41,0.015658
GLD,momentum,2025-06-04,2025-06-05,2025-06-12,BUY,311.24,311.74,0.001606
GLD,momentum,2025-06-13,2025-06-16,2025-06-24,BUY,314.8,305.07,-0.030908
GLD,momentum,2025-06-27,2025-06-30,2025-07-08,SELL,302.39,306.3,-0.01293
GLD,momentum,2025-06-30,2025-07-01,2025-07-09,SELL,308.56,303.58,0.01614
GLD,momentum,2025-07-22,2025-07-23,2025-07-30,BUY,314.0,304.42,-0.03051
GLD,momentum,2025-07-28,2025-07-29,2025-08-05,SELL,305.8,310.37,-0.014944
GLD,momentum,2025-07-29,2025-07-30,2025-08-06,SELL,304.42,310.32,-0.019381
GLD,momentum,2025-07-30,2025-07-31,2025-08-07,SELL,304.59,311.72,-0.023409
GLD,momentum,2025-07-31,2025-08-01,2025-08-08,SELL,308.61,312.35,-0.012119
GLD,momentum,2025-08-06,2025-08-07,2025-08-14,BUY,311.72,307.93,-0.012158
GLD,momentum,2025-08-07,2025-08-08,2025-08-15,BUY,312.35,307.34,-0.01604
GLD,momentum,2025-08-26,2025-08-27,2025-09-04,BUY,311.39,327.03,0.050226
GLD,momentum,2025-08-28,2025-08-29,2025-09-08,BUY,314.72,333.66,0.06018
GLD,momentum,2025-08-29,2025-09-02,2025-09-09,BUY,320.82,337.03,0.050527
GLD,momentum,2025-09-02,2025-09-03,2025-09-10,BUY,327.76,335.73,0.024317
GLD,momentum,2025-09-03,2025-09-04,2025-09-11,BUY,327.03,333.37,0.019387
GLD,momentum,2025-09-04,2025-09-05,2025-09-12,BUY,329.53,335.88,0.01927
GLD,momentum,2025-09-05,2025-09-08,2025-09-15,BUY,333.66,336.31,0.007942
GLD,momentum,2025-09-08,2025-09-09,2025-09-16,BUY,337.03,340.09,0.009079
GLD,momentum,2025-09-09,2025-09-10,2025-09-17,BUY,335.73,338.53,0.00834
GLD,momentum,2025-09-10,2025-09-11,2025-09-18,BUY,333.37,336.22,0.008549
GLD,momentum,2025-09-11,2025-09-12,2025-09-19,BUY,335.88,336.51,0.001876
GLD,momentum,2025-09-23,2025-09-24,2025-10-01,BUY,346.7,356.17,0.027315
GLD,momentum,2025-09-25,2025-09-26,2025-10-03,BUY,345.83,357.12,0.032646
GLD,momentum,2025-09-26,2025-09-29,2025-10-06,BUY,351.79,362.16,0.029478
GLD,momentum,2025-09-29,2025-09-30,2025-10-07,BUY,351.13,366.51,0.043801
GLD,momentum,2025-09-30,2025-10-01,2025-10-08,BUY,356.17,371.65,0.043462
GLD,momentum,2025-10-01,2025-10-02,2025-10-09,BUY,358.26,373.14,0.041534
GLD,momentum,2025-10-02,2025-10-03,2025-10-10,BUY,357.12,367.54,0.029178
GLD,momentum,2025-10-03,2025-10-06,2025-10-13,BUY,362.16,376.5,0.039596
GLD,momentum,2025-10-06,2025-10-07,2025-10-14,BUY,366.51,378.21,0.031923
GLD,momentum,2025-10-07,2025-10-08,2025-10-15,BUY,371.65,385.93,0.038423
GLD,momentum,2025-10-08,2025-10-09,2025-10-16,BUY,373.14,391.15,0.048266
GLD,momentum,2025-10-09,2025-10-10,2025-10-17,BUY,367.54,397.14,0.080535
GLD,momentum,2025-10-10,2025-10-13,2025-10-20,BUY,376.5,397.45,0.055644
GLD,momentum,2025-10-13,2025-10-14,2025-10-21,BUY,378.21,386.54,0.022025
GLD,momentum,2025-10-14,2025-10-15,2025-10-22,BUY,385.93,372.75,-0.034151
GLD,momentum,2025-10-15,2025-10-16,2025-10-23,BUY,391.15,381.46,-0.024773
GLD,momentum,2025-10-16,2025-10-17,2025-10-24,BUY,397.14,378.51,-0.04691
GLD,momentum,2025-10-17,2025-10-20,2025-10-27,BUY,397.45,371.13,-0.066222
GLD,momentum,2025-10-20,2025-10-21,2025-10-28,BUY,386.54,361.81,-0.063978
GLD,momentum,2025-10-27,2025-10-28,2025-11-04,SELL,361.81,363.48,-0.004616
GLD,momentum,2025-10-28,2025-10-29,2025-11-05,SELL,369.65,366.39,0.008819
GLD,momentum,2025-10-29,2025-10-30,2025-11-06,SELL,365.09,367.16,-0.00567
GLD,momentum,2025-10-30,2025-10-31,2025-11-07,SELL,370.47,367.94,0.006829
GLD,momentum,2025-10-31,2025-11-03,2025-11-10,SELL,368.91,375.93,-0.019029
GLD,momentum,2025-11-10,2025-11-11,2025-11-18,BUY,379.98,374.83,-0.013553
GLD,momentum,2025-11-11,2025-11-12,2025-11-19,BUY,380.07,377.78,-0.006025
GLD,momentum,2025-11-12,2025-11-13,2025-11-20,BUY,387.29,375.29,-0.030985
GLD,momentum,2025-11-13,2025-11-14,2025-11-21,BUY,372.87,374.03,0.003111
GLD,momentum,2025-11-14,2025-11-17,2025-11-24,BUY,374.04,374.88,0.002246
GLD,momentum,2025-11-24,2025-11-25,2025-12-03,BUY,380.26,388.46,0.021564
GLD,momentum,2025-11-26,2025-11-28,2025-12-05,BUY,385.98,389.12,0.008135
GLD,momentum,2025-11-28,2025-12-01,2025-12-08,BUY,390.61,387.02,-0.009191
GLD,momentum,2025-12-01,2025-12-02,2025-12-09,BUY,388.87,385.62,-0.008358
GLD,momentum,2025-12-12,2025-12-15,2025-12-22,BUY,397.76,406.98,0.02318
GLD,momentum,2025-12-15,2025-12-16,2025-12-23,BUY,397.75,410.3,0.031552
GLD,momentum,2025-12-16,2025-12-17,2025-12-24,BUY,398.08,412.25,0.035596
GLD,momentum,2025-12-17,2025-12-18,2025-12-26,BUY,398.28,416.48,0.045697
