Date,Open,High,Low,Close,Volume
2022-09-06,159.1699981689453,159.4600067138672,158.32000732421875,158.3300018310547,4863800.0
2022-09-07,158.14999389648438,160.14999389648438,158.0800018310547,159.94000244140625,3981400.0
2022-09-08,159.5399932861328,159.86000061035156,158.7100067138672,158.97999572753906,4607100.0
2022-09-09,159.72000122070312,160.24000549316406,159.41000366210938,159.82000732421875,3927800.0
2022-09-12,161.0399932861328,161.6199951171875,160.5500030517578,160.6300048828125,4537500.0
2022-09-13,158.47000122070312,159.27000427246094,158.38999938964844,158.5399932861328,6526400.0
2022-09-14,158.67999267578125,158.97999572753906,157.72999572753906,157.92999267578125,6091100.0
2022-09-15,156.75999450683594,157.49000549316406,154.6199951171875,154.97999572753906,13181200.0
2022-09-16,154.66000366210938,156.55999755859375,154.33999633789062,155.83999633789062,7141200.0
2022-09-19,154.8699951171875,156.0399932861328,154.82000732421875,155.9600067138672,5582800.0
2022-09-20,155.02999877929688,155.22999572753906,154.58999633789062,155.07000732421875,5943700.0
2022-09-21,155.97000122070312,157.25,154.00999450683594,155.7899932861328,7816100.0
2022-09-22,156.25999450683594,156.47999572753906,155.30999755859375,155.6999969482422,5975200.0
2022-09-23,153.89999389648438,154.0,152.63999938964844,153.00999450683594,9598000.0
2022-09-26,153.22000122070312,153.50999450683594,151.02999877929688,151.22999572753906,8240500.0
2022-09-27,152.25,152.72999572753906,151.5,151.5399932861328,7151300.0
2022-09-28,153.1999969482422,154.8800048828125,152.92999267578125,154.69000244140625,8977200.0
2022-09-29,154.13999938964844,155.02999877929688,153.16000366210938,154.66000366210938,6317000.0
2022-09-30,154.94000244140625,156.0399932861328,154.57000732421875,154.6699981689453,6832400.0
2022-10-03,155.44000244140625,158.47999572753906,155.22999572753906,158.42999267578125,10362200.0
2022-10-04,159.17999267578125,161.0800018310547,158.9199981689453,160.6999969482422,8024500.0
2022-10-05,159.32000732421875,160.0800018310547,158.3800048828125,159.80999755859375,5296300.0
2022-10-06,159.41000366210938,159.94000244140625,158.9499969482422,159.6300048828125,5712600.0
2022-10-07,158.4600067138672,158.97999572753906,157.67999267578125,157.8800048828125,5030000.0
2022-10-10,155.94000244140625,156.35000610351562,155.1199951171875,155.47999572753906,6110800.0
2022-10-11,155.49000549316406,156.80999755859375,154.9199981689453,155.16000366210938,5306700.0
2022-10-12,155.50999450683594,156.2899932861328,155.25999450683594,155.99000549316406,3998500.0
2022-10-13,153.47999572753906,155.72999572753906,152.9199981689453,154.91000366210938,7083800.0
2022-10-14,154.02000427246094,154.1999969482422,152.72000122070312,152.97999572753906,5471900.0
2022-10-17,154.9199981689453,155.3300018310547,153.32000732421875,153.4199981689453,4348000.0
2022-10-18,154.0800018310547,154.24000549316406,153.24000549316406,153.75,4528400.0
2022-10-19,152.08999633789062,152.49000549316406,151.5399932861328,151.69000244140625,8257100.0
2022-10-20,151.9199981689453,153.22999572753906,151.27000427246094,151.4499969482422,5019800.0
2022-10-21,151.97999572753906,154.30999755859375,151.8300018310547,154.14999389648438,6898400.0
2022-10-24,153.4499969482422,154.05999755859375,153.05999755859375,153.64999389648438,4673300.0
2022-10-25,153.9600067138672,154.7899932861328,153.8300018310547,154.0,3434100.0
2022-10-26,154.77999877929688,155.72999572753906,154.77999877929688,154.97999572753906,4448200.0
2022-10-27,154.7100067138672,155.08999633789062,154.22000122070312,154.74000549316406,3654900.0
2022-10-28,152.9600067138672,153.5399932861328,152.5,153.16000366210938,4645400.0
2022-10-31,152.16000366210938,152.8699951171875,151.88999938964844,151.91000366210938,6097800.0
2022-11-01,153.82000732421875,153.97999572753906,152.8699951171875,153.4600067138672,4603600.0
2022-11-02,154.16000366210938,155.4199981689453,152.25999450683594,152.38999938964844,7210900.0
2022-11-03,150.6999969482422,151.9600067138672,150.57000732421875,151.80999755859375,5378800.0
2022-11-04,154.9499969482422,156.60000610351562,154.66000366210938,156.47000122070312,7692000.0
2022-11-07,156.22000122070312,156.57000732421875,155.80999755859375,155.85000610351562,4425700.0
2022-11-08,155.99000549316406,159.8699951171875,155.97999572753906,159.4499969482422,11299600.0
2022-11-09,159.36000061035156,160.35000610351562,158.4499969482422,158.64999389648438,6040600.0
2022-11-10,162.00999450683594,163.50999450683594,161.66000366210938,163.47999572753906,9939900.0
2022-11-11,163.91000366210938,164.5800018310547,163.4199981689453,164.55999755859375,4622400.0
2022-11-14,164.1999969482422,165.24000549316406,164.14999389648438,164.9199981689453,6187600.0
2022-11-15,165.27000427246094,166.22999572753906,164.55999755859375,165.5,9903500.0
2022-11-16,165.41000366210938,165.7100067138672,164.8300018310547,165.1199951171875,3645800.0
2022-11-17,163.7899932861328,164.11000061035156,163.39999389648438,163.9199981689453,4574400.0
2022-11-18,163.3800048828125,163.69000244140625,162.67999267578125,162.7899932861328,4321100.0
2022-11-21,162.44000244140625,162.5,161.27999877929688,161.8800048828125,4766500.0
2022-11-22,162.3000030517578,162.60000610351562,161.72000122070312,162.07000732421875,3203800.0
2022-11-23,161.69000244140625,163.24000549316406,161.55999755859375,163.0800018310547,4167000.0
2022-11-25,162.85000610351562,163.42999267578125,162.75999450683594,163.22000122070312,1436500.0
2022-11-28,162.92999267578125,163.05999755859375,161.91000366210938,161.92999267578125,4052900.0
2022-11-29,162.6999969482422,163.6300048828125,162.60000610351562,162.72999572753906,2620600.0
2022-11-30,163.69000244140625,164.80999755859375,162.39999389648438,164.80999755859375,4874700.0
2022-12-01,167.47999572753906,167.9499969482422,166.97999572753906,167.83999633789062,8625800.0
2022-12-02,166.17999267578125,167.47000122070312,165.75999450683594,167.25999450683594,5185900.0
2022-12-05,166.5500030517578,166.72000122070312,164.32000732421875,164.38999938964844,5436200.0
2022-12-06,165.1999969482422,165.5399932861328,164.4499969482422,164.83999633789062,3597800.0
2022-12-07,165.47000122070312,166.63999938964844,165.32000732421875,166.3300018310547,4610700.0
2022-12-08,166.5800018310547,167.0500030517578,166.07000732421875,166.47000122070312,3217900.0
2022-12-09,167.25999450683594,168.08999633789062,166.60000610351562,167.05999755859375,5431300.0
2022-12-12,166.44000244140625,166.60000610351562,165.42999267578125,165.67999267578125,3504400.0
2022-12-13,169.2100067138672,169.7899932861328,168.02000427246094,168.50999450683594,6750200.0
2022-12-14,168.42999267578125,168.80999755859375,167.13999938964844,168.10000610351562,5643000.0
2022-12-15,165.72999572753906,166.2100067138672,165.10000610351562,165.35000610351562,8363000.0
2022-12-16,166.02000427246094,166.97999572753906,165.83999633789062,166.7899932861328,5372000.0
2022-12-19,166.7100067138672,167.11000061035156,165.99000549316406,166.32000732421875,3940500.0
2022-12-20,168.10000610351562,169.52999877929688,168.02999877929688,169.0800018310547,7803100.0
2022-12-21,169.0399932861328,169.7100067138672,168.67999267578125,168.8000030517578,3990100.0
2022-12-22,167.75999450683594,167.75999450683594,166.05999755859375,166.75999450683594,5672700.0
2022-12-23,166.8800048828125,167.8000030517578,166.66000366210938,167.25999450683594,2912300.0
2022-12-27,167.88999938964844,170.61000061035156,167.8000030517578,168.6699981689453,6885700.0
2022-12-28,168.0500030517578,168.33999633789062,167.10000610351562,167.91000366210938,3662500.0
2022-12-29,168.5399932861328,169.35000610351562,168.52000427246094,168.85000610351562,3345900.0
2022-12-30,169.25999450683594,169.89999389648438,168.8000030517578,169.63999938964844,2864500.0
2023-01-03,171.32000732421875,172.08999633789062,170.02000427246094,171.05999755859375,7992900.0
2023-01-04,172.86000061035156,173.08999633789062,171.85000610351562,172.6699981689453,7574600.0
2023-01-05,170.82000732421875,171.0,169.7899932861328,170.52000427246094,4692600.0
2023-01-06,171.75999450683594,173.9600067138672,171.22999572753906,173.7100067138672,7889000.0
2023-01-09,174.50999450683594,175.0399932861328,173.8800048828125,174.10000610351562,5134500.0
2023-01-10,174.61000061035156,174.97999572753906,174.05999755859375,174.74000549316406,4398400.0
2023-01-11,174.75999450683594,174.7899932861328,173.72000122070312,174.6199951171875,3374200.0
2023-01-12,176.00999450683594,176.7100067138672,174.8800048828125,176.63999938964844,6936900.0
2023-01-13,176.9600067138672,178.8300018310547,176.88999938964844,178.75999450683594,7468800.0
2023-01-17,178.2100067138672,178.24000549316406,177.08999633789062,177.58999633789062,6610800.0
2023-01-18,178.9199981689453,179.17999267578125,176.89999389648438,177.0800018310547,5384700.0
2023-01-19,178.3699951171875,180.02999877929688,178.08999633789062,179.88999938964844,6678700.0
2023-01-20,179.05999755859375,179.66000366210938,178.64999389648438,179.2899932861328,5754800.0
2023-01-23,178.35000610351562,179.69000244140625,177.77999877929688,179.6300048828125,5265500.0
2023-01-24,179.55999755859375,180.32000732421875,178.35000610351562,180.27999877929688,4604600.0
2023-01-25,179.35000610351562,181.22000122070312,179.2899932861328,181.11000061035156,6925300.0
2023-01-26,180.14999389648438,180.27000427246094,178.4600067138672,179.47000122070312,5860100.0
2023-01-27,179.27000427246094,179.72000122070312,178.25999450683594,179.22000122070312,6052700.0
2023-01-30,179.2899932861328,179.42999267578125,178.64999389648438,178.75999450683594,4210700.0
2023-01-31,178.82000732421875,179.6999969482422,178.5399932861328,179.41000366210938,5976900.0
2023-02-01,179.75,181.72999572753906,178.6300048828125,181.6699981689453,7996000.0
2023-02-02,181.0800018310547,181.11000061035156,177.74000549316406,177.89999389648438,8842400.0
2023-02-03,174.9199981689453,175.42999267578125,173.1199951171875,173.4600067138672,13674400.0
2023-02-06,174.11000061035156,174.4600067138672,173.27999877929688,173.82000732421875,8957000.0
2023-02-07,173.72000122070312,175.27000427246094,173.47000122070312,173.97999572753906,6794200.0
2023-02-08,174.94000244140625,174.99000549316406,173.8300018310547,174.41000366210938,4075600.0
2023-02-09,175.49000549316406,175.52000427246094,172.8699951171875,173.02999877929688,5361300.0
2023-02-10,173.6300048828125,173.67999267578125,172.6300048828125,173.36000061035156,2971100.0
2023-02-13,172.6999969482422,172.89999389648438,172.07000732421875,172.47999572753906,3970800.0
2023-02-14,171.97000122070312,173.50999450683594,171.41000366210938,172.61000061035156,5403100.0
2023-02-15,170.60000610351562,170.99000549316406,170.16000366210938,170.88999938964844,5423800.0
2023-02-16,170.33999633789062,171.60000610351562,169.9600067138672,170.75,4540400.0
2023-02-17,169.8699951171875,171.47000122070312,169.52000427246094,171.25999450683594,4809800.0
2023-02-21,171.1999969482422,171.5,170.33999633789062,170.6199951171875,4035900.0
2023-02-22,170.80999755859375,170.9600067138672,169.55999755859375,169.66000366210938,4105700.0
2023-02-23,169.83999633789062,170.1300048828125,169.0800018310547,169.57000732421875,5073500.0
2023-02-24,168.4199981689453,168.83999633789062,168.19000244140625,168.35000610351562,6496500.0
2023-02-27,168.8800048828125,169.22999572753906,168.5500030517578,169.00999450683594,4509200.0
2023-02-28,168.77999877929688,170.25,168.58999633789062,169.77999877929688,6761600.0
2023-03-01,170.9499969482422,171.49000549316406,170.47000122070312,170.75999450683594,6590500.0
2023-03-02,170.52000427246094,170.97999572753906,170.36000061035156,170.66000366210938,3950700.0
2023-03-03,171.4499969482422,172.60000610351562,170.97999572753906,172.49000549316406,6894500.0
2023-03-06,172.32000732421875,172.3699951171875,171.5399932861328,171.6199951171875,4264100.0
2023-03-07,170.4199981689453,170.47000122070312,168.52000427246094,168.6199951171875,8713300.0
2023-03-08,168.61000061035156,169.58999633789062,168.52000427246094,168.5399932861328,5718600.0
2023-03-09,169.75,170.64999389648438,169.7100067138672,170.1999969482422,5583000.0
2023-03-10,171.92999267578125,173.8800048828125,171.9199981689453,173.8699951171875,13803400.0
2023-03-13,176.66000366210938,178.02000427246094,176.3000030517578,177.86000061035156,20554400.0
2023-03-14,177.35000610351562,177.58999633789062,176.2100067138672,176.8300018310547,10019000.0
2023-03-15,178.86000061035156,180.1300048828125,177.49000549316406,178.2100067138672,14546100.0
2023-03-16,179.50999450683594,179.64999389648438,177.8699951171875,178.57000732421875,10762200.0
2023-03-17,181.02000427246094,184.80999755859375,180.77000427246094,183.77000427246094,24156300.0
2023-03-20,184.19000244140625,184.5399932861328,182.74000549316406,183.83999633789062,11845700.0
2023-03-21,182.64999389648438,182.72999572753906,179.89999389648438,180.3699951171875,10734500.0
2023-03-22,180.39999389648438,183.94000244140625,180.27999877929688,183.44000244140625,11969600.0
2023-03-23,183.91000366210938,186.24000549316406,183.60000610351562,185.74000549316406,11347100.0
2023-03-24,185.61000061035156,185.99000549316406,183.6199951171875,183.64999389648438,9245900.0
2023-03-27,181.14999389648438,182.14999389648438,180.69000244140625,181.9499969482422,6925000.0
2023-03-28,182.30999755859375,183.6199951171875,182.1199951171875,183.44000244140625,6202600.0
2023-03-29,182.49000549316406,183.27000427246094,182.24000549316406,182.52999877929688,4996500.0
2023-03-30,182.75,184.44000244140625,182.5500030517578,184.17999267578125,6360300.0
2023-03-31,184.11000061035156,184.4199981689453,182.8000030517578,183.22000122070312,8003300.0
2023-04-03,183.85000610351562,185.0399932861328,183.32000732421875,184.5399932861328,9206600.0
2023-04-04,184.72000122070312,188.22999572753906,184.66000366210938,187.97999572753906,13765400.0
2023-04-05,188.33999633789062,188.86000061035156,186.77999877929688,187.8300018310547,11440800.0
2023-04-06,186.88999938964844,187.25999450683594,185.9499969482422,186.49000549316406,6648400.0
2023-04-10,185.17999267578125,185.36000061035156,184.19000244140625,185.11000061035156,6408100.0
2023-04-11,185.91000366210938,186.50999450683594,185.63999938964844,186.27999877929688,6031500.0
2023-04-12,187.5399932861328,187.66000366210938,185.97000122070312,187.19000244140625,10000900.0
2023-04-13,189.75999450683594,190.41000366210938,188.99000549316406,189.72000122070312,14060100.0
2023-04-14,188.0800018310547,188.49000549316406,185.1699981689453,186.36000061035156,13272500.0
2023-04-17,185.88999938964844,185.92999267578125,184.10000610351562,185.52999877929688,7468100.0
2023-04-18,185.24000549316406,186.99000549316406,185.0399932861328,186.25,8056900.0
2023-04-19,184.35000610351562,185.5800018310547,184.27999877929688,185.36000061035156,7373500.0
2023-04-20,186.13999938964844,187.02999877929688,185.77999877929688,186.08999633789062,5789900.0
2023-04-21,184.97999572753906,185.67999267578125,183.22000122070312,184.25,10698700.0
2023-04-24,184.07000732421875,185.02999877929688,183.4600067138672,184.80999755859375,8303400.0
2023-04-25,184.83999633789062,186.22000122070312,184.3000030517578,185.75,8451900.0
2023-04-26,186.6300048828125,186.64999389648438,184.3000030517578,184.74000549316406,8203600.0
2023-04-27,183.89999389648438,184.99000549316406,183.3800048828125,184.75,9107400.0
2023-04-28,184.7899932861328,185.3800048828125,184.1699981689453,184.8000030517578,6700400.0
2023-05-01,186.0500030517578,186.22000122070312,183.91000366210938,183.97000122070312,7997700.0
2023-05-02,184.64999389648438,187.63999938964844,184.52000427246094,187.52000427246094,14680600.0
2023-05-03,187.61000061035156,189.2100067138672,186.92999267578125,189.11000061035156,11133800.0
2023-05-04,188.86000061035156,191.36000061035156,188.80999755859375,190.44000244140625,14146800.0
2023-05-05,186.55999755859375,187.5800018310547,185.77000427246094,187.4600067138672,12508100.0
2023-05-08,187.82000732421875,188.6699981689453,187.49000549316406,187.69000244140625,6075400.0
2023-05-09,188.1199951171875,189.3300018310547,188.07000732421875,189.02000427246094,7098800.0
2023-05-10,188.97999572753906,189.63999938964844,187.82000732421875,188.75,9392100.0
2023-05-11,188.44000244140625,188.80999755859375,186.86000061035156,187.1300048828125,8245500.0
2023-05-12,187.42999267578125,187.9199981689453,186.5800018310547,186.80999755859375,7087500.0
2023-05-15,187.3000030517578,187.8800048828125,187.02999877929688,187.2100067138672,5518100.0
2023-05-16,186.5800018310547,186.82000732421875,184.4600067138672,184.8699951171875,9519500.0
2023-05-17,184.30999755859375,184.4499969482422,183.47999572753906,184.22999572753906,7474300.0
2023-05-18,182.10000610351562,182.27999877929688,181.33999633789062,181.83999633789062,8812600.0
2023-05-19,182.25,184.33999633789062,181.80999755859375,183.63999938964844,8435000.0
2023-05-22,183.22000122070312,183.83999633789062,182.91000366210938,183.2100067138672,4834300.0
2023-05-23,182.77999877929688,183.75999450683594,182.47999572753906,183.42999267578125,6345000.0
2023-05-24,183.5399932861328,183.5399932861328,181.77000427246094,181.9499969482422,6732900.0
2023-05-25,181.17999267578125,181.30999755859375,180.10000610351562,180.1999969482422,6919200.0
2023-05-26,181.00999450683594,181.3000030517578,180.08999633789062,180.9199981689453,5823700.0
2023-05-30,181.72000122070312,182.39999389648438,181.1699981689453,182.0399932861328,4906100.0
2023-05-31,182.38999938964844,183.4499969482422,182.10000610351562,182.32000732421875,8497900.0
2023-06-01,182.80999755859375,184.2100067138672,182.72000122070312,183.75999450683594,7300500.0
2023-06-02,183.52999877929688,183.55999755859375,180.9600067138672,181.0500030517578,8726100.0
2023-06-05,180.7899932861328,182.44000244140625,180.60000610351562,182.13999938964844,5748800.0
2023-06-06,182.36000061035156,182.64999389648438,181.52000427246094,182.33999633789062,4967200.0
2023-06-07,181.94000244140625,183.0,180.14999389648438,180.14999389648438,9066500.0
2023-06-08,182.0,183.0399932861328,181.9600067138672,182.52999877929688,6394100.0
2023-06-09,182.36000061035156,182.7899932861328,181.72000122070312,182.0399932861328,4379200.0
2023-06-12,181.8000030517578,181.94000244140625,181.0399932861328,181.8800048828125,4873600.0
2023-06-13,182.10000610351562,182.42999267578125,180.1699981689453,180.5399932861328,5126700.0
2023-06-14,181.69000244140625,181.9600067138672,180.13999938964844,180.63999938964844,6807000.0
2023-06-15,180.27999877929688,182.0500030517578,180.17999267578125,181.91000366210938,6739000.0
2023-06-16,181.92999267578125,182.6199951171875,181.41000366210938,181.6300048828125,8779100.0
2023-06-20,180.05999755859375,180.08999633789062,179.22000122070312,179.75,7584200.0
2023-06-21,179.14999389648438,179.9499969482422,178.19000244140625,179.49000549316406,6702300.0
2023-06-22,178.36000061035156,178.99000549316406,177.6300048828125,177.7100067138672,7945000.0
2023-06-23,179.60000610351562,179.9499969482422,178.08999633789062,178.1999969482422,5419800.0
2023-06-26,179.0500030517578,179.0800018310547,178.4199981689453,178.50999450683594,3222100.0
2023-06-27,179.07000732421875,179.2899932861328,177.42999267578125,177.69000244140625,5036900.0
2023-06-28,177.22999572753906,177.69000244140625,176.6999969482422,177.27999877929688,5866700.0
2023-06-29,175.8300018310547,177.6300048828125,175.7899932861328,177.08999633789062,6862500.0
2023-06-30,177.69000244140625,178.52999877929688,177.32000732421875,178.27000427246094,6420900.0
2023-07-03,178.61000061035156,179.33999633789062,178.4600067138672,178.47000122070312,4085700.0
2023-07-05,179.41000366210938,179.4199981689453,177.8300018310547,177.83999633789062,5650600.0
2023-07-06,177.50999450683594,177.8000030517578,176.66000366210938,177.30999755859375,5133000.0
2023-07-07,178.3800048828125,179.64999389648438,178.35000610351562,178.63999938964844,5201100.0
2023-07-10,178.3699951171875,178.9199981689453,178.25999450683594,178.77999877929688,3320500.0
2023-07-11,179.42999267578125,179.7100067138672,179.1300048828125,179.4499969482422,2818800.0
2023-07-12,181.17999267578125,181.9499969482422,181.10000610351562,181.8800048828125,7062000.0
2023-07-13,181.9600067138672,182.14999389648438,181.49000549316406,182.00999450683594,4527900.0
2023-07-14,181.58999633789062,182.1699981689453,181.11000061035156,181.42999267578125,5390000.0
2023-07-17,180.99000549316406,181.6300048828125,180.63999938964844,181.55999755859375,4152400.0
2023-07-18,182.7899932861328,184.22999572753906,182.32000732421875,183.63999938964844,8238000.0
2023-07-19,183.4499969482422,183.83999633789062,182.8699951171875,183.6699981689453,3911600.0
2023-07-20,183.72999572753906,183.77000427246094,182.47000122070312,182.74000549316406,4972900.0
2023-07-21,182.05999755859375,182.4600067138672,181.67999267578125,182.17999267578125,3845400.0
2023-07-24,182.22000122070312,182.5399932861328,181.33999633789062,181.39999389648438,4370000.0
2023-07-25,181.72000122070312,182.47000122070312,181.10000610351562,182.41000366210938,4090100.0
2023-07-26,182.66000366210938,183.63999938964844,182.30999755859375,183.3000030517578,6158400.0
2023-07-27,181.63999938964844,181.63999938964844,180.32000732421875,180.4199981689453,7592800.0
2023-07-28,181.47999572753906,182.27000427246094,181.25,181.86000061035156,3828800.0
2023-07-31,182.42999267578125,183.08999633789062,182.30999755859375,182.35000610351562,5494800.0
2023-08-01,180.85000610351562,181.3800048828125,180.19000244140625,180.4600067138672,6239700.0
2023-08-02,180.57000732421875,180.7899932861328,179.41000366210938,179.60000610351562,6339700.0
2023-08-03,179.44000244140625,179.9499969482422,179.27999877929688,179.5399932861328,4636300.0
2023-08-04,180.25,180.77000427246094,179.85000610351562,180.19000244140625,5326200.0
2023-08-07,180.14999389648438,180.14999389648438,179.27000427246094,179.77999877929688,4510400.0
2023-08-08,178.63999938964844,179.3300018310547,178.4600067138672,178.63999938964844,6162900.0
2023-08-09,178.67999267578125,178.9199981689453,177.77999877929688,177.7899932861328,4644000.0
2023-08-10,178.22000122070312,178.6999969482422,177.5399932861328,177.60000610351562,5934600.0
2023-08-11,177.6999969482422,178.36000061035156,177.49000549316406,177.60000610351562,5289700.0
2023-08-14,176.86000061035156,177.5800018310547,176.5800018310547,177.05999755859375,9554500.0
2023-08-15,176.75,177.42999267578125,176.3300018310547,176.58999633789062,7582700.0
2023-08-16,176.6199951171875,176.9499969482422,175.55999755859375,175.57000732421875,6559400.0
2023-08-17,176.52999877929688,176.55999755859375,174.92999267578125,175.3000030517578,7937700.0
2023-08-18,175.8300018310547,176.05999755859375,175.10000610351562,175.3300018310547,6253000.0
2023-08-21,175.89999389648438,175.94000244140625,174.9600067138672,175.80999755859375,4206400.0
2023-08-22,175.8300018310547,176.25,175.30999755859375,176.10000610351562,5892200.0
2023-08-23,177.32000732421875,178.22000122070312,177.07000732421875,177.88999938964844,7949100.0
2023-08-24,177.66000366210938,178.49000549316406,177.41000366210938,177.85000610351562,5526400.0
2023-08-25,177.5800018310547,178.3800048828125,176.6300048828125,177.6199951171875,6132800.0
2023-08-28,177.64999389648438,178.72999572753906,177.50999450683594,178.1300048828125,4740700.0
2023-08-29,178.02999877929688,179.8800048828125,177.89999389648438,179.8699951171875,7576600.0
2023-08-30,180.5800018310547,180.8800048828125,180.2899932861328,180.32000732421875,6593700.0
2023-08-31,180.3699951171875,180.49000549316406,179.94000244140625,180.02000427246094,4795600.0
2023-09-01,180.8000030517578,181.1199951171875,179.50999450683594,180.11000061035156,4970700.0
2023-09-05,179.3300018310547,179.44000244140625,178.63999938964844,178.63999938964844,7056800.0
2023-09-06,178.3300018310547,179.00999450683594,177.6999969482422,177.8300018310547,6427200.0
2023-09-07,178.30999755859375,178.3699951171875,177.89999389648438,178.02000427246094,3257200.0
2023-09-08,178.36000061035156,179.0500030517578,177.89999389648438,178.0800018310547,3292700.0
2023-09-11,178.97000122070312,179.07000732421875,178.25999450683594,178.41000366210938,3689100.0
2023-09-12,177.11000061035156,177.6999969482422,177.0500030517578,177.49000549316406,4445400.0
2023-09-13,177.52999877929688,177.75,177.0399932861328,177.0800018310547,3874800.0
2023-09-14,176.5,177.38999938964844,176.36000061035156,177.1699981689453,6184400.0
2023-09-15,178.5500030517578,179.11000061035156,178.33999633789062,178.33999633789062,5620900.0
2023-09-18,178.82000732421875,179.41000366210938,178.3800048828125,179.38999938964844,5049300.0
2023-09-19,179.5399932861328,179.64999389648438,179.02999877929688,179.22000122070312,4224700.0
2023-09-20,179.33999633789062,180.66000366210938,179.32000732421875,179.35000610351562,9328000.0
2023-09-21,177.86000061035156,178.49000549316406,177.69000244140625,178.0500030517578,7571900.0
2023-09-22,178.64999389648438,178.9499969482422,178.50999450683594,178.6199951171875,3634800.0
2023-09-25,178.41000366210938,178.7100067138672,177.63999938964844,177.6999969482422,5582100.0
2023-09-26,176.8300018310547,177.13999938964844,176.16000366210938,176.27999877929688,7181100.0
2023-09-27,175.27000427246094,175.32000732421875,173.6999969482422,174.10000610351562,10919600.0
2023-09-28,173.91000366210938,174.13999938964844,172.32000732421875,173.22999572753906,10061900.0
2023-09-29,173.9199981689453,174.02999877929688,171.27000427246094,171.4499969482422,10427400.0
2023-10-02,170.22999572753906,170.4600067138672,169.5,169.64999389648438,12706000.0
2023-10-03,169.13999938964844,170.0800018310547,168.75,169.16000366210938,11459800.0
2023-10-04,169.2100067138672,169.41000366210938,168.5,169.13999938964844,10034600.0
2023-10-05,168.74000549316406,169.0,168.3000030517578,168.8300018310547,6970200.0
2023-10-06,169.1699981689453,170.22999572753906,168.5,169.6999969482422,9948400.0
2023-10-09,171.17999267578125,172.86000061035156,171.0800018310547,172.82000732421875,10201500.0
2023-10-10,172.0800018310547,172.8000030517578,171.89999389648438,172.52999877929688,5844000.0
2023-10-11,173.60000610351562,174.1300048828125,173.25999450683594,173.7899932861328,7128000.0
2023-10-12,174.05999755859375,174.22999572753906,173.24000549316406,173.25999450683594,5912700.0
2023-10-13,176.88999938964844,179.10000610351562,176.72000122070312,178.8300018310547,18796500.0
2023-10-16,177.83999633789062,178.3300018310547,177.5399932861328,177.9600067138672,8385400.0
2023-10-17,178.3699951171875,179.1300048828125,177.97999572753906,178.2899932861328,8231900.0
2023-10-18,180.88999938964844,182.02000427246094,179.75,180.8699951171875,13920800.0
2023-10-19,181.0399932861328,183.42999267578125,180.82000732421875,183.08999633789062,13406600.0
2023-10-20,183.42999267578125,185.22999572753906,183.08999633789062,183.58999633789062,12785700.0
2023-10-23,183.50999450683594,183.55999755859375,182.7100067138672,182.97000122070312,9479800.0
2023-10-24,182.07000732421875,183.39999389648438,181.67999267578125,182.9499969482422,6594000.0
2023-10-25,183.4199981689453,184.3000030517578,182.0399932861328,183.72000122070312,10087000.0
2023-10-26,183.39999389648438,184.49000549316406,182.8699951171875,184.00999450683594,7671400.0
2023-10-27,183.75999450683594,186.36000061035156,183.47000122070312,186.14999389648438,14102800.0
2023-10-30,185.5399932861328,185.6999969482422,184.72999572753906,185.10000610351562,8756400.0
2023-10-31,185.0800018310547,186.2100067138672,183.5,184.08999633789062,10104600.0
2023-11-01,183.91000366210938,185.0,182.6699981689453,183.50999450683594,9048600.0
2023-11-02,184.1300048828125,184.27999877929688,183.5,184.1199951171875,7343700.0
2023-11-03,184.47999572753906,185.47000122070312,184.35000610351562,184.7899932861328,8530400.0
2023-11-06,184.13999938964844,184.22999572753906,183.33999633789062,183.35000610351562,8274700.0
2023-11-07,182.25,182.64999389648438,181.75,182.58999633789062,6795800.0
2023-11-08,182.00999450683594,182.07000732421875,180.57000732421875,180.77000427246094,6738300.0
2023-11-09,180.97999572753906,182.27999877929688,180.88999938964844,181.49000549316406,6486300.0
2023-11-10,180.50999450683594,180.58999633789062,179.25,179.50999450683594,7606600.0
2023-11-13,179.39999389648438,180.72999572753906,179.11000061035156,180.50999450683594,5385900.0
2023-11-14,181.6999969482422,182.75,181.6199951171875,182.1199951171875,6831600.0
2023-11-15,182.02999877929688,182.17999267578125,181.30999755859375,181.63999938964844,4909400.0
2023-11-16,182.85000610351562,184.32000732421875,182.8000030517578,183.69000244140625,8253300.0
2023-11-17,183.9600067138672,184.1300048828125,183.4499969482422,183.6699981689453,4871100.0
2023-11-20,182.32000732421875,183.47999572753906,182.22999572753906,183.3699951171875,5389300.0
2023-11-21,185.57000732421875,186.1199951171875,185.07000732421875,185.35000610351562,7322400.0
2023-11-22,185.47000122070312,185.72000122070312,184.27000427246094,184.55999755859375,4337700.0
2023-11-24,185.47000122070312,185.75,185.16000366210938,185.52000427246094,2445100.0
2023-11-27,186.55999755859375,186.8000030517578,185.92999267578125,186.77000427246094,6320400.0
2023-11-28,187.89999389648438,189.39999389648438,187.52000427246094,189.25999450683594,10901900.0
2023-11-29,189.16000366210938,189.99000549316406,189.02000427246094,189.5399932861328,8407300.0
2023-11-30,188.88999938964844,189.24000549316406,188.27999877929688,188.75,7558100.0
2023-12-01,188.80999755859375,192.39999389648438,188.69000244140625,192.00999450683594,16727600.0
2023-12-04,189.60000610351562,190.3800048828125,187.25999450683594,187.86000061035156,18460500.0
2023-12-05,187.5500030517578,187.8800048828125,186.3000030517578,187.14999389648438,7027700.0
2023-12-06,188.32000732421875,188.4600067138672,187.5,187.83999633789062,5778600.0
2023-12-07,188.4499969482422,188.58999633789062,187.25999450683594,188.14999389648438,5802000.0
2023-12-08,185.92999267578125,186.77999877929688,184.89999389648438,185.63999938964844,7883200.0
2023-12-11,184.5,184.52999877929688,183.14999389648438,183.58999633789062,8519500.0
2023-12-12,183.83999633789062,183.97999572753906,183.25999450683594,183.49000549316406,5056900.0
2023-12-13,183.82000732421875,187.66000366210938,183.3800048828125,187.6300048828125,10635500.0
2023-12-14,188.86000061035156,189.82000732421875,188.0800018310547,188.72999572753906,9107200.0
2023-12-15,188.52000427246094,188.9600067138672,186.82000732421875,187.0,8324800.0
2023-12-18,187.5,188.49000549316406,187.24000549316406,187.85000610351562,5358000.0
2023-12-19,188.22999572753906,189.72000122070312,188.1300048828125,189.1300048828125,6025600.0
2023-12-20,188.69000244140625,188.9600067138672,188.08999633789062,188.10000610351562,6002400.0
2023-12-21,189.2100067138672,189.6199951171875,188.75,189.42999267578125,4620000.0
2023-12-22,191.60000610351562,191.8800048828125,190.07000732421875,190.27000427246094,7176300.0
2023-12-26,190.97000122070312,191.74000549316406,190.39999389648438,191.72000122070312,4502700.0
2023-12-27,191.77000427246094,193.17999267578125,191.5399932861328,192.58999633789062,5813300.0
2023-12-28,192.33999633789062,192.88999938964844,191.44000244140625,191.47000122070312,6171500.0
2023-12-29,190.99000549316406,191.63999938964844,190.74000549316406,191.1699981689453,4612300.0
2024-01-02,191.44000244140625,191.88999938964844,190.5,190.72000122070312,6025600.0
2024-01-03,188.77000427246094,189.86000061035156,188.16000366210938,189.1300048828125,8661600.0
2024-01-04,189.0800018310547,189.75,188.69000244140625,189.32000732421875,4416700.0
2024-01-05,189.67999267578125,191.25999450683594,189.0800018310547,189.35000610351562,7481900.0
2024-01-08,187.2100067138672,188.74000549316406,187.11000061035156,187.8699951171875,6215000.0
2024-01-09,188.67999267578125,188.77999877929688,187.72999572753906,187.92999267578125,4437300.0
2024-01-10,188.13999938964844,188.44000244140625,187.2100067138672,187.5,4504700.0
2024-01-11,188.02000427246094,188.5500030517578,186.55999755859375,187.8699951171875,6831100.0
2024-01-12,190.6699981689453,191.0800018310547,189.16000366210938,189.7100067138672,6833700.0
2024-01-16,189.14999389648438,189.25999450683594,187.5399932861328,187.91000366210938,6548100.0
2024-01-17,187.30999755859375,187.4199981689453,185.4499969482422,185.83999633789062,8643200.0
2024-01-18,186.36000061035156,187.39999389648438,186.3000030517578,187.3699951171875,4685200.0
2024-01-19,188.25999450683594,188.3000030517578,187.44000244140625,187.92999267578125,5719700.0
2024-01-22,187.22999572753906,187.75999450683594,186.85000610351562,187.22000122070312,4397500.0
2024-01-23,187.4499969482422,188.14999389648438,187.27999877929688,187.9499969482422,5040800.0
2024-01-24,188.3300018310547,188.3699951171875,186.32000732421875,186.39999389648438,6085400.0
2024-01-25,187.33999633789062,187.63999938964844,186.4600067138672,187.13999938964844,4651000.0
2024-01-26,187.27000427246094,187.3800048828125,186.75999450683594,187.00999450683594,5064800.0
2024-01-29,188.30999755859375,188.5399932861328,187.19000244140625,188.3300018310547,5629700.0
2024-01-30,189.6999969482422,189.8300018310547,187.97999572753906,188.58999633789062,4976500.0
2024-01-31,189.3699951171875,190.4600067138672,188.1300048828125,188.4499969482422,7886100.0
2024-02-01,189.7100067138672,191.36000061035156,188.99000549316406,190.41000366210938,10278100.0
2024-02-02,188.07000732421875,188.8699951171875,187.85000610351562,188.61000061035156,7337600.0
2024-02-05,186.8800048828125,187.82000732421875,186.6999969482422,187.57000732421875,5436100.0
2024-02-06,187.94000244140625,188.85000610351562,187.74000549316406,188.5500030517578,4866100.0
2024-02-07,188.4499969482422,189.38999938964844,188.27999877929688,188.5,6276900.0
2024-02-08,187.91000366210938,188.52999877929688,187.82000732421875,188.3300018310547,3873300.0
2024-02-09,187.55999755859375,187.77000427246094,187.13999938964844,187.60000610351562,4412600.0
2024-02-12,186.60000610351562,187.27000427246094,186.36000061035156,187.11000061035156,4706300.0
2024-02-13,185.35000610351562,185.3800048828125,184.3300018310547,184.52999877929688,9525800.0
2024-02-14,184.27000427246094,184.8800048828125,183.77999877929688,184.4199981689453,7031600.0
2024-02-15,185.60000610351562,186.02000427246094,185.10000610351562,185.66000366210938,6228900.0
2024-02-16,185.0800018310547,186.6699981689453,184.83999633789062,186.33999633789062,6518500.0
2024-02-20,187.9600067138672,188.02999877929688,187.39999389648438,187.47000122070312,5531200.0
2024-02-21,187.8800048828125,188.0399932861328,187.10000610351562,187.47999572753906,5789200.0
2024-02-22,187.55999755859375,187.63999938964844,187.0500030517578,187.55999755859375,4550800.0
2024-02-23,187.55999755859375,189.17999267578125,187.4600067138672,188.6199951171875,6827300.0
2024-02-26,187.7899932861328,188.36000061035156,187.52999877929688,188.1999969482422,4491900.0
2024-02-27,188.5800018310547,188.72000122070312,187.8800048828125,188.0,5165400.0
2024-02-28,188.33999633789062,188.52000427246094,188.02999877929688,188.33999633789062,2824100.0
2024-02-29,189.63999938964844,189.9199981689453,189.22999572753906,189.30999755859375,6848600.0
2024-03-01,190.27000427246094,193.39999389648438,189.44000244140625,192.88999938964844,13411000.0
2024-03-04,194.14999389648438,196.3300018310547,193.8800048828125,196.00999450683594,12216300.0
2024-03-05,197.44000244140625,198.13999938964844,196.64999389648438,197.19000244140625,9672200.0
2024-03-06,198.0800018310547,199.3000030517578,197.44000244140625,198.80999755859375,10459300.0
2024-03-07,199.5399932861328,200.11000061035156,198.91000366210938,199.94000244140625,8403700.0
2024-03-08,200.88999938964844,203.3000030517578,200.4499969482422,201.6300048828125,13540100.0
2024-03-11,201.7100067138672,202.41000366210938,201.4600067138672,202.0,7329600.0
2024-03-12,200.4199981689453,200.6300048828125,199.16000366210938,199.7899932861328,9436600.0
2024-03-13,200.44000244140625,201.86000061035156,200.35000610351562,201.19000244140625,5930000.0
2024-03-14,200.3699951171875,200.47000122070312,199.33999633789062,200.35000610351562,6865000.0
2024-03-15,199.94000244140625,200.6300048828125,199.57000732421875,199.7100067138672,4556700.0
2024-03-18,199.66000366210938,200.14999389648438,199.50999450683594,200.02999877929688,7206800.0
2024-03-19,199.6199951171875,199.80999755859375,198.94000244140625,199.8000030517578,4657500.0
2024-03-20,199.16000366210938,202.66000366210938,199.1199951171875,202.17999267578125,9593800.0
2024-03-21,203.8800048828125,203.9199981689453,200.60000610351562,201.97000122070312,7396500.0
2024-03-22,201.32000732421875,201.86000061035156,199.72000122070312,200.35000610351562,6918500.0
2024-03-25,201.19000244140625,201.9499969482422,200.97000122070312,200.99000549316406,4034800.0
2024-03-26,202.64999389648438,202.75999450683594,201.07000732421875,201.63999938964844,5752700.0
2024-03-27,202.32000732421875,203.22000122070312,202.32000732421875,203.10000610351562,6041000.0
2024-03-28,204.5399932861328,206.0500030517578,203.8699951171875,205.72000122070312,9194500.0
2024-04-01,208.67999267578125,208.72999572753906,206.2899932861328,207.82000732421875,13677100.0
2024-04-02,209.07000732421875,211.02999877929688,208.36000061035156,210.88999938964844,13421100.0
2024-04-03,210.57000732421875,212.8300018310547,210.3000030517578,212.74000549316406,11416200.0
2024-04-04,212.0,213.4499969482422,211.02000427246094,211.52000427246094,12307300.0
2024-04-05,212.49000549316406,215.74000549316406,212.22000122070312,215.13999938964844,13382700.0
2024-04-08,215.97999572753906,216.80999755859375,214.61000061035156,216.47999572753906,10331400.0
2024-04-09,217.80999755859375,218.86000061035156,216.4499969482422,217.6699981689453,13069900.0
2024-04-10,215.3699951171875,217.77999877929688,214.67999267578125,215.61000061035156,13317500.0
2024-04-11,216.85000610351562,219.83999633789062,215.88999938964844,219.8000030517578,11415200.0
2024-04-12,221.8699951171875,225.08999633789062,216.02000427246094,216.88999938964844,30898800.0
2024-04-15,217.94000244140625,221.02999877929688,215.16000366210938,220.9499969482422,13239000.0
2024-04-16,220.17999267578125,221.99000549316406,218.77999877929688,221.22000122070312,10746100.0
2024-04-17,221.0500030517578,221.75999450683594,218.52000427246094,219.58999633789062,11521100.0
2024-04-18,221.30999755859375,221.4600067138672,219.30999755859375,220.33999633789062,6496900.0
2024-04-19,220.49000549316406,222.36000061035156,220.0800018310547,221.02999877929688,8689000.0
2024-04-22,216.35000610351562,216.9600067138672,215.13999938964844,215.57000732421875,13404300.0
2024-04-23,213.9600067138672,215.86000061035156,213.8699951171875,215.0399932861328,10730300.0
2024-04-24,214.75999450683594,216.35000610351562,214.36000061035156,214.63999938964844,5741100.0
2024-04-25,214.47000122070312,217.0500030517578,214.33999633789062,215.9199981689453,6606500.0
2024-04-26,216.77000427246094,217.07000732421875,215.52999877929688,216.6199951171875,6268500.0
2024-04-29,216.02000427246094,217.22000122070312,215.25,216.17999267578125,6409900.0
2024-04-30,213.3800048828125,214.1300048828125,211.8000030517578,211.8699951171875,11248600.0
2024-05-01,212.9600067138672,215.5,212.41000366210938,213.7899932861328,10373900.0
2024-05-02,211.89999389648438,213.7100067138672,211.49000549316406,213.1300048828125,6287000.0
2024-05-03,212.88999938964844,213.22999572753906,210.7100067138672,212.9600067138672,8679900.0
2024-05-06,215.13999938964844,215.91000366210938,214.47000122070312,215.1999969482422,6840500.0
2024-05-07,214.52000427246094,214.92999267578125,213.8800048828125,214.2100067138672,5660700.0
2024-05-08,213.6199951171875,214.8000030517578,213.5,213.5800018310547,4462700.0
2024-05-09,214.47999572753906,216.9499969482422,214.44000244140625,216.9499969482422,7732500.0
2024-05-10,219.22000122070312,219.60000610351562,218.0800018310547,218.7100067138672,8700900.0
2024-05-13,217.05999755859375,217.30999755859375,215.8000030517578,216.25999450683594,4896300.0
2024-05-14,217.30999755859375,218.3800048828125,216.97999572753906,218.08999633789062,4662700.0
2024-05-15,219.05999755859375,221.19000244140625,217.64999389648438,220.88999938964844,9297700.0
2024-05-16,220.13999938964844,220.58999633789062,219.41000366210938,220.02999877929688,4301700.0
2024-05-17,222.17999267578125,223.85000610351562,221.6699981689453,223.66000366210938,10481900.0
2024-05-20,223.7899932861328,225.66000366210938,223.02000427246094,224.55999755859375,5990900.0
2024-05-21,224.77000427246094,225.2100067138672,223.6999969482422,224.22999572753906,4002600.0
2024-05-22,223.08999633789062,223.24000549316406,219.74000549316406,220.11000061035156,8903100.0
2024-05-23,218.77999877929688,219.22999572753906,215.66000366210938,215.72000122070312,9537900.0
2024-05-24,216.9600067138672,217.2100067138672,215.74000549316406,215.9199981689453,4212400.0
2024-05-28,218.42999267578125,218.58999633789062,217.2100067138672,218.19000244140625,3809700.0
2024-05-29,216.9199981689453,217.16000366210938,216.1199951171875,216.16000366210938,4185000.0
2024-05-30,216.69000244140625,217.50999450683594,216.41000366210938,216.57000732421875,3068800.0
2024-05-31,217.77000427246094,217.9600067138672,214.64999389648438,215.3000030517578,5617200.0
2024-06-03,215.9199981689453,217.82000732421875,215.5399932861328,217.22000122070312,6172600.0
2024-06-04,216.24000549316406,216.24000549316406,214.1999969482422,215.27000427246094,5509400.0
2024-06-05,216.69000244140625,218.0800018310547,215.92999267578125,217.82000732421875,5479200.0
2024-06-06,218.36000061035156,219.97000122070312,218.10000610351562,219.42999267578125,5283900.0
2024-06-07,215.07000732421875,215.19000244140625,211.5399932861328,211.60000610351562,12195100.0
2024-06-10,213.1300048828125,214.02000427246094,212.75999450683594,213.5399932861328,4215300.0
2024-06-11,213.9499969482422,214.3800048828125,213.24000549316406,214.14999389648438,4004100.0
2024-06-12,216.47000122070312,216.5500030517578,214.1999969482422,214.72000122070312,5911900.0
2024-06-13,214.44000244140625,214.9600067138672,212.25999450683594,212.97000122070312,5861100.0
2024-06-14,215.33999633789062,216.0399932861328,214.97999572753906,215.72999572753906,7076500.0
2024-06-17,214.89999389648438,215.24000549316406,213.60000610351562,214.61000061035156,3877700.0
2024-06-18,214.3800048828125,215.8300018310547,214.0399932861328,215.47000122070312,4921400.0
2024-06-20,216.32000732421875,218.74000549316406,216.14999389648438,218.16000366210938,7290500.0
2024-06-21,217.8300018310547,217.89999389648438,214.25999450683594,214.77999877929688,8865600.0
2024-06-24,215.5500030517578,215.94000244140625,215.1999969482422,215.6300048828125,4626900.0
2024-06-25,214.9600067138672,215.30999755859375,214.1199951171875,214.55999755859375,3820900.0
2024-06-26,212.38999938964844,213.11000061035156,212.1199951171875,212.5800018310547,4690300.0
2024-06-27,214.7100067138672,215.5,214.4499969482422,214.99000549316406,4977800.0
2024-06-28,215.63999938964844,215.80999755859375,214.82000732421875,215.00999450683594,3955100.0
2024-07-01,215.25,216.0,214.49000549316406,215.57000732421875,3797900.0
2024-07-02,215.3300018310547,216.0800018310547,214.6199951171875,215.55999755859375,4921700.0
2024-07-03,217.33999633789062,218.74000549316406,217.3300018310547,217.99000549316406,5055300.0
2024-07-05,219.5800018310547,221.27999877929688,219.5800018310547,220.92999267578125,5950600.0
2024-07-08,219.63999938964844,220.0399932861328,217.41000366210938,218.19000244140625,5790800.0
2024-07-09,218.57000732421875,219.2899932861328,217.27000427246094,218.55999755859375,3901500.0
2024-07-10,220.13999938964844,220.7100067138672,219.16000366210938,219.36000061035156,5556200.0
2024-07-11,222.64999389648438,224.14999389648438,221.47999572753906,223.25,9322000.0
2024-07-12,222.02999877929688,223.6199951171875,221.86000061035156,223.11000061035156,5179300.0
2024-07-15,223.38999938964844,225.58999633789062,223.02000427246094,223.8300018310547,5719300.0
2024-07-16,225.4499969482422,228.2899932861328,225.3000030517578,228.2899932861328,11070700.0
2024-07-17,228.7899932861328,229.64999389648438,226.6699981689453,227.22999572753906,8620500.0
2024-07-18,227.7100067138672,228.32000732421875,225.57000732421875,225.77999877929688,5485500.0
2024-07-19,221.52000427246094,222.67999267578125,221.41000366210938,221.72999572753906,8666000.0
2024-07-22,221.5800018310547,221.9199981689453,220.39999389648438,221.8000030517578,5334100.0
2024-07-23,222.33999633789062,222.75,221.86000061035156,222.5800018310547,4435700.0
2024-07-24,223.47000122070312,224.8800048828125,221.74000549316406,221.8000030517578,6838800.0
2024-07-25,219.02000427246094,219.25999450683594,217.52000427246094,218.3300018310547,9777100.0
2024-07-26,219.9600067138672,221.0399932861328,219.6999969482422,220.6300048828125,6328800.0
2024-07-29,221.25999450683594,221.5500030517578,219.0500030517578,220.32000732421875,4665100.0
2024-07-30,221.41000366210938,222.9199981689453,220.36000061035156,222.52000427246094,4939500.0
2024-07-31,223.72999572753906,226.60000610351562,223.63999938964844,226.5500030517578,7316600.0
2024-08-01,226.74000549316406,227.57000732421875,225.0500030517578,225.77000427246094,7217200.0
2024-08-02,227.9499969482422,228.75999450683594,222.8699951171875,225.33999633789062,11109400.0
2024-08-05,220.55999755859375,223.10000610351562,220.24000549316406,222.47999572753906,8939000.0
2024-08-06,221.5,222.13999938964844,220.11000061035156,220.6999969482422,14362300.0
2024-08-07,221.94000244140625,222.30999755859375,220.35000610351562,220.5500030517578,5287800.0
2024-08-08,222.72999572753906,224.25,222.52000427246094,224.00999450683594,6327100.0
2024-08-09,224.82000732421875,225.27999877929688,223.82000732421875,224.55999755859375,4441000.0
2024-08-12,226.13999938964844,228.5399932861328,225.97000122070312,228.41000366210938,5561300.0
2024-08-13,228.07000732421875,228.8699951171875,227.58999633789062,228.05999755859375,6740200.0
2024-08-14,226.5500030517578,227.47999572753906,225.35000610351562,226.1999969482422,5462500.0
2024-08-15,226.50999450683594,227.5,225.1199951171875,226.91000366210938,5273300.0
2024-08-16,229.99000549316406,232.02000427246094,229.00999450683594,231.99000549316406,11924500.0
2024-08-19,230.14999389648438,231.77999877929688,229.74000549316406,231.61000061035156,5164800.0
2024-08-20,233.7100067138672,234.00999450683594,231.1300048828125,232.4600067138672,9073600.0
2024-08-21,231.69000244140625,232.8699951171875,230.47999572753906,232.14999389648438,5337400.0
2024-08-22,230.35000610351562,230.3800048828125,228.25999450683594,229.3699951171875,5765400.0
2024-08-23,231.0399932861328,232.72999572753906,230.52000427246094,232.02000427246094,5418200.0
2024-08-26,233.4499969482422,233.5,232.05999755859375,232.75999450683594,3151400.0
2024-08-27,231.69000244140625,233.47000122070312,231.57000732421875,233.38999938964844,4435600.0
2024-08-28,232.0,232.02000427246094,230.72999572753906,231.75,4961500.0
2024-08-29,231.9499969482422,233.61000061035156,231.9199981689453,232.9499969482422,5524200.0
2024-08-30,232.52999877929688,232.86000061035156,230.5500030517578,231.2899932861328,5743000.0
2024-09-03,230.3800048828125,230.5399932861328,228.52000427246094,230.2899932861328,6417900.0
2024-09-04,229.7899932861328,231.05999755859375,229.3800048828125,230.42999267578125,4696000.0
2024-09-05,232.72000122070312,232.88999938964844,231.3300018310547,232.35000610351562,4838100.0
2024-09-06,231.8300018310547,232.75999450683594,229.6199951171875,230.6300048828125,6315800.0
2024-09-09,231.25999450683594,231.6199951171875,230.38999938964844,231.60000610351562,3548800.0
2024-09-10,232.38999938964844,232.74000549316406,231.1199951171875,232.6199951171875,4378300.0
2024-09-11,231.72000122070312,232.8699951171875,231.08999633789062,232.25,4637300.0
2024-09-12,234.6300048828125,236.4499969482422,234.4199981689453,236.3300018310547,9930200.0
2024-09-13,238.1300048828125,238.97999572753906,237.75999450683594,238.67999267578125,7455100.0
2024-09-16,238.72999572753906,239.27999877929688,238.0500030517578,238.66000366210938,4713500.0
2024-09-17,238.0800018310547,238.60000610351562,236.61000061035156,237.33999633789062,5257100.0
2024-09-18,238.19000244140625,240.2899932861328,235.3000030517578,235.50999450683594,11081100.0
2024-09-19,238.24000549316406,239.52000427246094,237.38999938964844,239.1699981689453,6108200.0
2024-09-20,241.11000061035156,242.6300048828125,240.47000122070312,242.2100067138672,7737400.0
2024-09-23,242.97000122070312,243.4600067138672,242.58999633789062,242.67999267578125,5426200.0
2024-09-24,243.38999938964844,246.19000244140625,243.14999389648438,246.07000732421875,8386300.0
2024-09-25,246.19000244140625,246.47000122070312,244.7899932861328,245.72999572753906,7393400.0
2024-09-26,246.44000244140625,247.3699951171875,245.19000244140625,246.97999572753906,7041100.0
2024-09-27,246.30999755859375,246.75,244.19000244140625,245.02000427246094,8329600.0
2024-09-30,243.97000122070312,244.0800018310547,242.5,243.05999755859375,6916700.0
2024-10-01,245.1999969482422,246.97999572753906,245.05999755859375,245.61000061035156,10605500.0
2024-10-02,245.61000061035156,246.07000732421875,243.99000549316406,245.66000366210938,6798800.0
2024-10-03,244.72000122070312,245.91000366210938,243.69000244140625,245.49000549316406,5674500.0
2024-10-04,245.0,246.69000244140625,244.0500030517578,245.0,5947800.0
2024-10-07,244.5800018310547,244.82000732421875,243.80999755859375,244.1699981689453,3849000.0
2024-10-08,243.7899932861328,244.0399932861328,240.6300048828125,242.3699951171875,7669800.0
2024-10-09,241.16000366210938,241.83999633789062,240.63999938964844,241.0500030517578,4120500.0
2024-10-10,241.77000427246094,243.02000427246094,241.50999450683594,242.82000732421875,4792700.0
2024-10-11,244.5,245.9199981689453,244.47000122070312,245.47000122070312,5789500.0
2024-10-14,245.16000366210938,245.86000061035156,244.25999450683594,245.07000732421875,3922900.0
2024-10-15,244.99000549316406,246.5500030517578,244.52999877929688,245.9199981689453,5640800.0
2024-10-16,247.6199951171875,248.08999633789062,246.36000061035156,247.14999389648438,5431900.0
2024-10-17,247.75,249.05999755859375,247.6199951171875,248.6300048828125,5176200.0
2024-10-18,250.0,251.3699951171875,249.89999389648438,251.27000427246094,7833600.0
2024-10-21,252.74000549316406,253.13999938964844,250.72999572753906,251.22000122070312,9258600.0
2024-10-22,253.05999755859375,253.94000244140625,252.52000427246094,253.92999267578125,5756300.0
2024-10-23,253.0800018310547,253.17999267578125,250.1999969482422,250.8699951171875,8081000.0
2024-10-24,253.27000427246094,253.32000732421875,251.39999389648438,252.8000030517578,5962200.0
2024-10-25,252.0,253.5500030517578,251.77000427246094,253.32000732421875,4424500.0
2024-10-28,253.00999450683594,253.6300048828125,252.9499969482422,253.3300018310547,4029100.0
2024-10-29,254.49000549316406,256.2900085449219,254.22999572753906,256.0899963378906,8875500.0
2024-10-30,256.760009765625,257.7099914550781,255.91000366210938,257.5,6386200.0
2024-10-31,255.52000427246094,255.60000610351562,252.1999969482422,253.50999450683594,9930800.0
2024-11-01,254.3300018310547,254.86000061035156,252.44000244140625,252.47000122070312,6473000.0
2024-11-04,253.32000732421875,253.5800018310547,252.27000427246094,252.8300018310547,4581400.0
2024-11-05,253.77999877929688,253.99000549316406,252.41000366210938,253.39999389648438,6029900.0
2024-11-06,245.63999938964844,247.35000610351562,244.9499969482422,245.6999969482422,14600200.0
2024-11-07,248.2899932861328,250.24000549316406,248.1199951171875,249.64999389648438,8821400.0
2024-11-08,249.07000732421875,249.35000610351562,247.77999877929688,247.9600067138672,6267900.0
2024-11-11,242.72999572753906,242.72999572753906,241.05999755859375,242.13999938964844,11653800.0
2024-11-12,241.2899932861328,241.66000366210938,239.38999938964844,240.0500030517578,10145500.0
2024-11-13,241.30999755859375,241.47000122070312,237.58999633789062,237.6300048828125,8431700.0
2024-11-14,236.57000732421875,237.99000549316406,236.1300048828125,237.00999450683594,8262400.0
2024-11-15,237.57000732421875,237.8800048828125,236.3300018310547,236.58999633789062,7299500.0
2024-11-18,240.4600067138672,241.5,240.4499969482422,241.08999633789062,6323400.0
2024-11-19,242.75,243.30999755859375,242.02999877929688,243.25,6579100.0
2024-11-20,243.74000549316406,245.2100067138672,243.50999450683594,244.6199951171875,6630700.0
2024-11-21,246.22999572753906,246.80999755859375,245.69000244140625,246.66000366210938,7646400.0
2024-11-22,248.1999969482422,250.38999938964844,247.86000061035156,249.83999633789062,7503000.0
2024-11-25,244.27000427246094,244.39999389648438,241.47999572753906,242.47999572753906,10733100.0
2024-11-26,242.7100067138672,243.08999633789062,241.5800018310547,242.9499969482422,4945900.0
2024-11-27,244.85000610351562,245.17999267578125,243.1999969482422,243.49000549316406,6930600.0
2024-11-29,245.25,245.80999755859375,244.72999572753906,245.58999633789062,2708500.0
2024-12-02,244.4600067138672,244.5800018310547,243.13999938964844,243.44000244140625,4765000.0
2024-12-03,244.9600067138672,245.17999267578125,243.3000030517578,243.92999267578125,3557800.0
2024-12-04,244.92999267578125,245.33999633789062,244.3699951171875,244.6699981689453,4608600.0
2024-12-05,244.16000366210938,244.3800048828125,242.14999389648438,242.86000061035156,4806200.0
2024-12-06,242.7899932861328,243.86000061035156,242.44000244140625,242.9499969482422,3540700.0
2024-12-09,246.27999877929688,247.11000061035156,245.25999450683594,245.36000061035156,4711500.0
2024-12-10,247.86000061035156,248.86000061035156,247.8300018310547,248.58999633789062,4642000.0
2024-12-11,249.35000610351562,251.25999450683594,248.97000122070312,250.9600067138672,11033800.0
2024-12-12,247.80999755859375,248.24000549316406,246.8699951171875,247.27999877929688,10149600.0
2024-12-13,245.6699981689453,245.94000244140625,244.27000427246094,244.2899932861328,6602600.0
2024-12-16,245.41000366210938,245.5399932861328,244.2899932861328,244.8800048828125,3310000.0
2024-12-17,243.8000030517578,244.5500030517578,243.22999572753906,243.94000244140625,4421300.0
2024-12-18,243.57000732421875,243.7100067138672,238.82000732421875,239.25999450683594,8015800.0
2024-12-19,239.6699981689453,240.0500030517578,238.72999572753906,239.60000610351562,8111400.0
2024-12-20,241.41000366210938,242.9600067138672,241.1699981689453,242.10000610351562,9527800.0
2024-12-23,241.60000610351562,241.6699981689453,240.64999389648438,240.9600067138672,5835500.0
2024-12-24,241.49000549316406,241.66000366210938,240.82000732421875,241.44000244140625,2421000.0
2024-12-26,242.38999938964844,243.55999755859375,242.1999969482422,243.07000732421875,4645100.0
2024-12-27,241.1999969482422,241.9499969482422,241.0500030517578,241.39999389648438,4728100.0
2024-12-30,241.0800018310547,241.0800018310547,239.5800018310547,240.6300048828125,3522500.0
2024-12-31,241.0500030517578,242.52000427246094,241.0500030517578,242.1300048828125,2522100.0
2025-01-02,244.22000122070312,245.52999877929688,244.0800018310547,245.4199981689453,6241900.0
2025-01-03,244.55999755859375,244.82000732421875,243.36000061035156,243.49000549316406,4872100.0
2025-01-06,242.3300018310547,243.7899932861328,242.0500030517578,243.19000244140625,3758900.0
2025-01-07,245.52000427246094,245.77000427246094,243.80999755859375,244.55999755859375,5090300.0
2025-01-08,245.72000122070312,246.4499969482422,244.50999450683594,245.86000061035156,6303300.0
2025-01-10,248.00999450683594,249.0399932861328,247.5500030517578,248.2100067138672,12380100.0
2025-01-13,246.33999633789062,246.7899932861328,245.14999389648438,245.74000549316406,8448600.0
2025-01-14,245.6199951171875,247.0399932861328,245.52000427246094,247.02999877929688,4914800.0
2025-01-15,248.2100067138672,248.89999389648438,247.00999450683594,248.8800048828125,6345000.0
2025-01-16,250.55999755859375,251.38999938964844,250.27000427246094,250.60000610351562,9236000.0
2025-01-17,249.6999969482422,250.80999755859375,249.14999389648438,249.27000427246094,8312900.0
2025-01-21,251.9499969482422,253.36000061035156,251.8300018310547,253.1300048828125,7668100.0
2025-01-22,254.2899932861328,254.67999267578125,253.77999877929688,254.42999267578125,5213800.0
2025-01-23,253.19000244140625,254.5399932861328,252.82000732421875,254.07000732421875,6511500.0
2025-01-24,255.9600067138672,257.07000732421875,255.61000061035156,255.64999389648438,7341300.0
2025-01-27,253.86000061035156,254.25999450683594,251.9199981689453,252.99000549316406,5799800.0
2025-01-28,254.22999572753906,255.25,253.88999938964844,255.17999267578125,5332000.0
2025-01-29,254.5500030517578,254.82000732421875,253.3000030517578,254.1999969482422,5671800.0
2025-01-30,257.20001220703125,258.2900085449219,256.45001220703125,258.04998779296875,12981200.0
2025-01-31,259.0799865722656,259.989990234375,257.8599853515625,258.55999755859375,8961100.0
2025-02-03,259.75,261.3900146484375,259.5199890136719,259.94000244140625,11521100.0
2025-02-04,261.8299865722656,262.5400085449219,261.3500061035156,262.5,9850400.0
2025-02-05,264.45001220703125,265.989990234375,263.8900146484375,264.1300048828125,12681100.0
2025-02-06,263.6600036621094,263.7200012207031,261.489990234375,263.42999267578125,8731400.0
2025-02-07,265.2200012207031,266.3500061035156,263.260009765625,263.8999938964844,9154000.0
2025-02-10,268.0,268.6600036621094,267.239990234375,268.3699951171875,13250300.0
2025-02-11,267.70001220703125,268.3599853515625,266.7099914550781,267.3900146484375,7169500.0
2025-02-12,267.1499938964844,268.42999267578125,266.3500061035156,267.6700134277344,9328600.0
2025-02-13,268.3999938964844,270.3900146484375,268.2200012207031,270.30999755859375,8347500.0
2025-02-14,270.07000732421875,270.2099914550781,265.45001220703125,266.2900085449219,11546700.0
2025-02-18,269.67999267578125,271.010009765625,269.6000061035156,270.70001220703125,8185900.0
2025-02-19,270.67999267578125,271.3299865722656,269.239990234375,270.8500061035156,9342500.0
2025-02-20,270.2300109863281,271.8399963378906,270.1700134277344,270.989990234375,7356900.0
2025-02-21,270.79998779296875,271.510009765625,269.510009765625,270.739990234375,8917400.0
2025-02-24,271.45001220703125,272.32000732421875,270.3800048828125,272.2099914550781,5374400.0
2025-02-25,271.4599914550781,271.67999267578125,266.45001220703125,268.6199951171875,10079800.0
2025-02-26,267.0799865722656,269.0799865722656,266.6600036621094,269.0299987792969,7276000.0
2025-02-27,266.489990234375,266.6700134277344,264.45001220703125,264.92999267578125,9374600.0
2025-02-28,262.55999755859375,263.3999938964844,261.25,263.2699890136719,11504500.0
2025-03-03,265.07000732421875,266.8800048828125,265.07000732421875,266.739990234375,7725600.0
2025-03-04,269.010009765625,269.3999938964844,267.5199890136719,269.05999755859375,8481300.0
2025-03-05,267.9700012207031,270.260009765625,267.9599914550781,269.6199951171875,6990400.0
2025-03-06,268.25,269.510009765625,268.1600036621094,268.25,6136400.0
2025-03-07,269.0899963378906,270.3399963378906,267.6400146484375,268.3900146484375,10431200.0
2025-03-10,267.6199951171875,268.44000244140625,265.6400146484375,266.0400085449219,7593900.0
2025-03-11,268.4700012207031,269.7300109863281,268.44000244140625,269.1600036621094,8436600.0
2025-03-12,268.4700012207031,271.2300109863281,268.3599853515625,270.3299865722656,7236200.0
2025-03-13,271.57000732421875,275.3500061035156,271.54998779296875,275.1300048828125,13741500.0
2025-03-14,276.2699890136719,276.29998779296875,274.6600036621094,275.239990234375,13365000.0
2025-03-17,275.5400085449219,276.7900085449219,275.3900146484375,276.7300109863281,8583400.0
2025-03-18,279.8999938964844,280.2099914550781,278.9700012207031,279.9599914550781,9596500.0
2025-03-19,279.8500061035156,281.4800109863281,279.05999755859375,281.1099853515625,8822200.0
2025-03-20,279.489990234375,280.8999938964844,279.42999267578125,280.75,5863300.0
2025-03-21,279.4599914550781,279.4599914550781,276.5899963378906,278.489990234375,9359300.0
2025-03-24,278.9100036621094,279.0899963378906,276.8599853515625,277.25,7870100.0
2025-03-25,278.7799987792969,279.9599914550781,278.2699890136719,278.4700012207031,5090200.0
2025-03-26,278.92999267578125,279.0199890136719,277.7799987792969,278.239990234375,3717500.0
2025-03-27,280.54998779296875,282.07000732421875,279.5899963378906,281.9700012207031,8476300.0
2025-03-28,283.82000732421875,284.6400146484375,282.8599853515625,284.05999755859375,9563700.0
2025-03-31,287.5299987792969,288.3900146484375,285.8500061035156,288.1400146484375,13925100.0
2025-04-01,288.5400085449219,289.1300048828125,285.9100036621094,287.57000732421875,15923600.0
2025-04-02,288.2799987792969,289.0299987792969,287.3599853515625,288.1600036621094,11074800.0
2025-04-03,282.7799987792969,289.0899963378906,282.45001220703125,286.4200134277344,20524400.0
2025-04-04,283.6400146484375,284.0299987792969,278.0199890136719,279.7200012207031,21517200.0
2025-04-07,278.8599853515625,280.1400146484375,272.5799865722656,273.7099914550781,19807000.0
2025-04-08,277.8699951171875,278.32000732421875,274.239990234375,275.20001220703125,12639500.0
2025-04-09,282.2200012207031,285.8699951171875,281.0400085449219,285.3800048828125,25342200.0
2025-04-10,288.80999755859375,292.8599853515625,287.2300109863281,292.3500061035156,19837800.0
2025-04-11,297.9599914550781,299.2699890136719,296.80999755859375,297.92999267578125,21080100.0
2025-04-14,295.5400085449219,296.5799865722656,294.5299987792969,296.2300109863281,12427600.0
2025-04-15,296.92999267578125,298.0199890136719,296.0899963378906,297.7799987792969,7924100.0
2025-04-16,304.6499938964844,308.05999755859375,303.79998779296875,307.4700012207031,20778100.0
2025-04-17,306.30999755859375,307.1300048828125,302.7300109863281,306.1199951171875,18287800.0
2025-04-21,315.0199890136719,316.4100036621094,313.95001220703125,315.5899963378906,20372300.0
2025-04-22,317.489990234375,317.6300048828125,310.3599853515625,311.1099853515625,35242300.0
2025-04-23,304.17999267578125,304.739990234375,300.5899963378906,303.6499938964844,25421500.0
2025-04-24,306.9800109863281,308.5,304.7099914550781,308.07000732421875,10845000.0
2025-04-25,301.7799987792969,305.3699951171875,301.010009765625,304.7300109863281,10691600.0
2025-04-28,304.1499938964844,309.1099853515625,302.9700012207031,309.07000732421875,9375500.0
2025-04-29,305.80999755859375,306.95001220703125,304.0,306.05999755859375,6852100.0
2025-04-30,304.6099853515625,306.07000732421875,303.44000244140625,303.7699890136719,8331900.0
2025-05-01,297.4100036621094,297.94000244140625,295.32000732421875,297.4599914550781,14969100.0
2025-05-02,300.1700134277344,300.8500061035156,297.0299987792969,297.9800109863281,8678400.0
2025-05-05,305.9200134277344,307.6499938964844,304.67999267578125,306.8800048828125,8924000.0
2025-05-06,313.1199951171875,315.6199951171875,311.3999938964844,315.4800109863281,11445300.0
2025-05-07,312.1000061035156,313.260009765625,310.0799865722656,310.75,7888300.0
2025-05-08,309.760009765625,310.4800109863281,303.04998779296875,304.6300048828125,11927600.0
2025-05-09,307.7900085449219,308.57000732421875,306.010009765625,306.8399963378906,6913100.0
2025-05-12,298.3299865722656,299.4700012207031,296.82000732421875,298.19000244140625,14375900.0
2025-05-13,299.0199890136719,300.29998779296875,297.239990234375,299.4599914550781,10233600.0
2025-05-14,293.6700134277344,294.79998779296875,291.9599914550781,293.1600036621094,14800600.0
2025-05-15,294.1000061035156,297.8999938964844,293.75,297.8399963378906,13497700.0
2025-05-16,292.6199951171875,294.5799865722656,291.7799987792969,294.239990234375,14173000.0
2025-05-19,297.8500061035156,298.5799865722656,296.4800109863281,298.0299987792969,11656300.0
2025-05-20,298.3500061035156,303.67999267578125,298.29998779296875,303.5799865722656,12851000.0
2025-05-21,304.54998779296875,306.4599914550781,303.6700134277344,305.82000732421875,12414500.0
2025-05-22,305.0899963378906,305.2799987792969,302.1000061035156,303.1099853515625,9704200.0
2025-05-23,308.8599853515625,310.25,307.4700012207031,309.75,13339500.0
2025-05-27,303.80999755859375,304.8800048828125,302.739990234375,304.5,9578500.0
2025-05-28,304.6400146484375,304.989990234375,303.05999755859375,303.80999755859375,8803300.0
2025-05-29,305.739990234375,306.8900146484375,304.4599914550781,305.6099853515625,9487900.0
2025-05-30,303.6400146484375,304.0199890136719,301.5,303.6000061035156,9553300.0
2025-06-02,309.2099914550781,311.7200012207031,308.7200012207031,311.6700134277344,13593200.0
2025-06-03,309.55999755859375,309.55999755859375,307.1499938964844,308.9100036621094,9315100.0
2025-06-04,309.4100036621094,311.8800048828125,308.739990234375,310.8999938964844,7462500.0
2025-06-05,311.239990234375,312.20001220703125,307.6499938964844,309.3299865722656,10817800.0
2025-06-06,309.0899963378906,309.20001220703125,305.1000061035156,305.17999267578125,7787500.0
2025-06-09,305.3900146484375,307.6099853515625,305.05999755859375,306.6199951171875,7159000.0
2025-06-10,308.30999755859375,308.6000061035156,305.8699951171875,306.7099914550781,7071700.0
2025-06-11,307.5,308.6199951171875,305.8500061035156,308.3699951171875,9248800.0
2025-06-12,311.739990234375,313.1000061035156,311.1499938964844,312.20001220703125,11531400.0
2025-06-13,317.260009765625,317.6000061035156,315.0400085449219,316.2900085449219,16592900.0
2025-06-16,314.79998779296875,314.8699951171875,311.6499938964844,311.7799987792969,12848400.0
2025-06-17,312.6600036621094,313.0,310.1199951171875,311.94000244140625,8234100.0
2025-06-18,312.8900146484375,312.9800109863281,309.8599853515625,310.260009765625,9370800.0
2025-06-20,309.3299865722656,310.8900146484375,309.25,310.1300048828125,8794700.0
2025-06-23,310.3399963378906,312.6700134277344,310.30999755859375,311.0799865722656,12687900.0
2025-06-24,305.07000732421875,306.3399963378906,303.5400085449219,306.19000244140625,12035200.0
2025-06-25,305.30999755859375,307.3599853515625,305.1199951171875,307.1199951171875,6733200.0
2025-06-26,305.7699890136719,307.2799987792969,304.8599853515625,306.7799987792969,6787500.0
2025-06-27,300.0299987792969,302.3599853515625,299.8900146484375,301.2200012207031,13301300.0
2025-06-30,302.3900146484375,304.9200134277344,301.95001220703125,304.8299865722656,8192100.0
2025-07-01,308.55999755859375,309.0,307.3599853515625,307.54998779296875,9335600.0
2025-07-02,308.0400085449219,309.3999938964844,306.9599914550781,309.25,8316400.0
2025-07-03,307.04998779296875,307.57000732421875,306.1499938964844,307.1400146484375,5275800.0
2025-07-07,305.07000732421875,307.7099914550781,304.5299987792969,307.3699951171875,7351600.0
2025-07-08,306.29998779296875,306.45001220703125,302.7699890136719,304.1600036621094,11840500.0
2025-07-09,303.5799865722656,305.5400085449219,303.2300109863281,305.5199890136719,10644100.0
2025-07-10,306.1099853515625,306.510009765625,304.82000732421875,306.20001220703125,7053700.0
2025-07-11,308.8599853515625,310.2799987792969,308.5199890136719,309.1400146484375,9187300.0
2025-07-14,309.07000732421875,309.3800048828125,307.7300109863281,308.010009765625,5772900.0
2025-07-15,307.7300109863281,308.739990234375,305.7900085449219,306.7300109863281,8149000.0
2025-07-16,307.1099853515625,311.0899963378906,305.7300109863281,308.260009765625,17693100.0
2025-07-17,305.5,307.6700134277344,305.1199951171875,307.5899963378906,6642300.0
2025-07-18,309.239990234375,309.3699951171875,308.32000732421875,308.3900146484375,5574300.0
2025-07-21,311.8800048828125,313.30999755859375,311.6099853515625,313.1300048828125,10995800.0
2025-07-22,314.4800109863281,316.239990234375,313.6199951171875,316.1000061035156,13691800.0
2025-07-23,314.0,314.9599914550781,311.4200134277344,312.17999267578125,10547500.0
2025-07-24,309.2900085449219,310.989990234375,309.05999755859375,310.2699890136719,7698800.0
2025-07-25,307.82000732421875,308.30999755859375,306.20001220703125,307.3999938964844,9376400.0
2025-07-28,306.44000244140625,306.5799865722656,304.04998779296875,305.4100036621094,9275400.0
2025-07-29,305.79998779296875,307.0299987792969,304.989990234375,306.25,5741100.0
2025-07-30,304.4200134277344,304.6499938964844,300.9599914550781,300.9599914550781,13459600.0
2025-07-31,304.5899963378906,304.6099853515625,302.8599853515625,302.9599914550781,8981000.0
2025-08-01,308.6099853515625,309.54998779296875,307.45001220703125,309.1099853515625,12843400.0
2025-08-04,310.79998779296875,311.739990234375,310.3699951171875,310.9100036621094,7639000.0
2025-08-05,310.3699951171875,312.239990234375,310.2200012207031,311.1600036621094,6997700.0
2025-08-06,310.32000732421875,311.239990234375,309.8399963378906,310.5,7418200.0
2025-08-07,311.7200012207031,313.1400146484375,310.70001220703125,313.1199951171875,10891500.0
2025-08-08,312.3500061035156,313.5299987792969,311.0,313.04998779296875,19886800.0
2025-08-11,308.6199951171875,309.6600036621094,307.6300048828125,308.54998779296875,10326700.0
2025-08-12,308.2200012207031,309.30999755859375,306.7099914550781,308.2699890136719,9697400.0
2025-08-13,309.1000061035156,310.3900146484375,308.45001220703125,309.2099914550781,4718600.0
2025-08-14,307.92999267578125,308.3399963378906,306.5199890136719,307.25,5817700.0
2025-08-15,307.3399963378906,308.0,306.8699951171875,307.42999267578125,5990100.0
2025-08-18,307.7900085449219,307.8900146484375,306.6300048828125,306.95001220703125,6150100.0
2025-08-19,306.760009765625,307.4800109863281,305.19000244140625,305.2699890136719,5029900.0
2025-08-20,307.5400085449219,308.4700012207031,307.3999938964844,308.3599853515625,6515400.0
2025-08-21,307.8599853515625,308.1499938964844,307.0299987792969,307.2900085449219,4809000.0
2025-08-22,306.5199890136719,311.0199890136719,306.42999267578125,310.5799865722656,8526500.0
2025-08-25,309.6700134277344,310.8399963378906,309.6700134277344,309.8299865722656,4044400.0
2025-08-26,310.6199951171875,312.2099914550781,310.30999755859375,312.0799865722656,11698500.0
2025-08-27,311.3900146484375,312.9100036621094,310.7699890136719,312.7099914550781,4320100.0
2025-08-28,313.32000732421875,315.0799865722656,313.07000732421875,315.0299987792969,9610200.0
2025-08-29,314.7200012207031,318.0899963378906,314.6400146484375,318.07000732421875,15642600.0
2025-09-02,320.82000732421875,325.9200134277344,320.239990234375,325.5899963378906,21247500.0
2025-09-03,327.760009765625,329.45001220703125,326.7300109863281,328.1400146484375,16062200.0
2025-09-04,327.0299987792969,327.55999755859375,325.3500061035156,326.69000244140625,11703100.0
2025-09-05,329.5299987792969,331.44000244140625,328.92999267578125,331.04998779296875,16065200.0
2025-09-08,333.6600036621094,335.6700134277344,333.2300109863281,334.82000732421875,18617300.0
2025-09-09,337.0299987792969,338.30999755859375,333.8500061035156,334.05999755859375,21641900.0
2025-09-10,335.7300109863281,336.5,326.19000244140625,335.260009765625,11945700.0
2025-09-11,333.3699951171875,335.1600036621094,332.9700012207031,334.760009765625,9082600.0
2025-09-12,335.8800048828125,336.3900146484375,335.2300109863281,335.4200134277344,9619700.0
2025-09-15,336.30999755859375,339.2799987792969,336.2300109863281,338.9100036621094,10569900.0
2025-09-16,340.0899963378906,340.8800048828125,338.6199951171875,339.5899963378906,12161500.0
2025-09-17,338.5299987792969,341.239990234375,335.5199890136719,336.9700012207031,16535300.0
2025-09-18,336.2200012207031,336.32000732421875,333.80999755859375,335.6199951171875,14913300.0
2025-09-19,336.510009765625,339.2300109863281,336.30999755859375,339.17999267578125,14982600.0
2025-09-22,342.75,345.07000732421875,341.8399963378906,345.04998779296875,12386400.0
2025-09-23,348.2300109863281,348.75,345.32000732421875,346.4599914550781,18384000.0
2025-09-24,346.70001220703125,346.8299865722656,342.1400146484375,343.32000732421875,12709100.0
2025-09-25,344.3900146484375,345.8299865722656,342.4700012207031,344.75,12639600.0
2025-09-26,345.8299865722656,348.25,345.30999755859375,346.739990234375,11698200.0
2025-09-29,351.7900085449219,352.8299865722656,351.2799987792969,352.4599914550781,15719600.0
2025-09-30,351.1300048828125,355.57000732421875,350.8699951171875,355.4700012207031,13312400.0
2025-10-01,356.1700134277344,356.9700012207031,354.7900085449219,356.0299987792969,15573600.0
2025-10-02,358.260009765625,358.6700134277344,351.3999938964844,354.7900085449219,16162100.0
2025-10-03,357.1199951171875,358.1400146484375,355.79998779296875,357.6400146484375,14464000.0
2025-10-06,362.1600036621094,365.29998779296875,361.3699951171875,364.3800048828125,17093700.0
2025-10-07,366.510009765625,367.2699890136719,364.54998779296875,366.260009765625,16836800.0
2025-10-08,371.6499938964844,373.57000732421875,370.5,372.29998779296875,28052300.0
2025-10-09,373.1400146484375,373.2200012207031,362.8299865722656,365.42999267578125,33674800.0
2025-10-10,367.5400085449219,370.30999755859375,365.44000244140625,369.1199951171875,24192800.0
2025-10-13,376.5,378.8599853515625,375.5799865722656,378.0899963378906,18514400.0
2025-10-14,378.2099914550781,382.3800048828125,377.8999938964844,380.7900085449219,18409600.0
2025-10-15,385.92999267578125,387.760009765625,384.5899963378906,387.3900146484375,20598300.0
2025-10-16,391.1499938964844,396.8699951171875,390.3999938964844,396.45001220703125,33621400.0
2025-10-17,397.1400146484375,397.2799987792969,385.2200012207031,388.989990234375,62025000.0
2025-10-20,397.45001220703125,403.29998779296875,394.20001220703125,403.1499938964844,34523000.0
2025-10-21,386.5400085449219,388.8900146484375,375.6499938964844,377.239990234375,54101400.0
2025-10-22,372.75,378.4700012207031,368.92999267578125,377.2799987792969,30524100.0
2025-10-23,381.4599914550781,382.25,378.6499938964844,378.7900085449219,13695500.0
2025-10-24,378.510009765625,380.7699890136719,376.80999755859375,377.5199890136719,13263800.0
2025-10-27,371.1300048828125,371.5899963378906,365.3399963378906,367.010009765625,23657600.0
2025-10-28,361.80999755859375,365.29998779296875,360.1199951171875,364.3800048828125,19257600.0
2025-10-29,369.6499938964844,370.0799865722656,361.3599853515625,363.0,18891800.0
2025-10-30,365.0899963378906,370.3599853515625,364.5,370.1300048828125,14812800.0
2025-10-31,370.4700012207031,370.6600036621094,365.5,368.1199951171875,11077900.0
2025-11-03,368.9100036621094,370.8399963378906,367.5400085449219,368.7799987792969,7254300.0
2025-11-04,363.4800109863281,365.739990234375,361.3900146484375,362.32000732421875,11540100.0
2025-11-05,366.3900146484375,367.1000061035156,364.6499938964844,366.510009765625,8357300.0
2025-11-06,367.1600036621094,368.17999267578125,364.70001220703125,366.07000732421875,6891100.0
2025-11-07,367.94000244140625,370.4200134277344,366.4200134277344,368.30999755859375,11060400.0
2025-11-10,375.92999267578125,378.6600036621094,374.7799987792969,378.3800048828125,13456200.0
2025-11-11,379.9800109863281,380.3999938964844,376.8699951171875,379.8699951171875,10753200.0
2025-11-12,380.07000732421875,387.4599914550781,379.44000244140625,385.989990234375,16203700.0
2025-11-13,387.2900085449219,388.17999267578125,381.2099914550781,382.8699951171875,15867900.0
2025-11-14,372.8699951171875,378.20001220703125,370.8900146484375,375.9599914550781,15198000.0
2025-11-17,374.0400085449219,375.4599914550781,368.5199890136719,371.6499938964844,13295200.0
2025-11-18,374.8299865722656,375.5400085449219,371.6199951171875,374.3500061035156,7818800.0
2025-11-19,377.7799987792969,380.1700134277344,373.0299987792969,374.9599914550781,10980400.0
2025-11-20,375.2900085449219,377.69000244140625,371.8500061035156,374.8500061035156,10506500.0
2025-11-21,374.0299987792969,377.2300109863281,372.94000244140625,374.2699890136719,13194600.0
2025-11-24,374.8800048828125,380.2799987792969,374.19000244140625,380.20001220703125,10085300.0
2025-11-25,380.260009765625,382.5199890136719,378.05999755859375,380.0799865722656,10462800.0
2025-11-26,381.05999755859375,383.7799987792969,380.4599914550781,383.1199951171875,9184100.0
2025-11-28,385.9800109863281,388.0,384.989990234375,387.8800048828125,7175400.0
2025-12-01,390.6099853515625,390.70001220703125,388.05999755859375,389.75,11177100.0
2025-12-02,388.8699951171875,388.9800109863281,382.9100036621094,387.239990234375,8103900.0
2025-12-03,388.4599914550781,390.1300048828125,385.8299865722656,386.8800048828125,7886800.0
2025-12-04,386.9200134277344,388.0,385.3999938964844,387.1300048828125,6754400.0
2025-12-05,389.1199951171875,391.739990234375,386.17999267578125,386.44000244140625,9449800.0
2025-12-08,387.0199890136719,387.239990234375,384.010009765625,385.4200134277344,6822100.0
2025-12-09,385.6199951171875,388.2099914550781,385.2699890136719,387.3999938964844,6358700.0
2025-12-10,385.95001220703125,389.760009765625,384.5,389.04998779296875,9120500.0
2025-12-11,389.0199890136719,394.0899963378906,388.5,393.239990234375,11240600.0
2025-12-12,399.1600036621094,400.3900146484375,391.4700012207031,395.44000244140625,16792100.0
2025-12-15,397.760009765625,398.7099914550781,394.07000732421875,395.79998779296875,11345000.0
2025-12-16,397.75,398.7099914550781,394.5899963378906,395.8900146484375,9201600.0
2025-12-17,398.0799865722656,399.9800109863281,397.25,399.2900085449219,10456900.0
2025-12-18,398.2799987792969,402.2099914550781,396.04998779296875,398.57000732421875,11837600.0
2025-12-19,397.9200134277344,400.6300048828125,397.1700134277344,399.0199890136719,9894800.0
2025-12-22,406.9800109863281,408.5199890136719,405.7200012207031,408.2300109863281,14202100.0
2025-12-23,410.29998779296875,413.760009765625,407.1000061035156,413.6400146484375,13193300.0
2025-12-24,412.25,412.6300048828125,408.8299865722656,411.92999267578125,6718400.0
2025-12-26,416.4800109863281,418.45001220703125,414.75,416.739990234375,10476200.0
2025-12-29,403.6600036621094,403.760009765625,395.3299865722656,398.6000061035156,20679200.0
2025-12-30,403.6000061035156,403.79998779296875,398.55999755859375,398.8900146484375,10179000.0
